-- phpMyAdmin SQL Dump
-- version 4.9.4
-- https://www.phpmyadmin.net/
--
-- Host: localhost:3306
-- Generation Time: Dec 09, 2020 at 10:45 PM
-- Server version: 10.3.25-MariaDB-log-cll-lve
-- PHP Version: 7.3.6

SET SQL_MODE = "NO_AUTO_VALUE_ON_ZERO";
SET AUTOCOMMIT = 0;
START TRANSACTION;
SET time_zone = "+00:00";


/*!40101 SET @OLD_CHARACTER_SET_CLIENT=@@CHARACTER_SET_CLIENT */;
/*!40101 SET @OLD_CHARACTER_SET_RESULTS=@@CHARACTER_SET_RESULTS */;
/*!40101 SET @OLD_COLLATION_CONNECTION=@@COLLATION_CONNECTION */;
/*!40101 SET NAMES utf8mb4 */;

--
-- Database: `wwwfoodparkbd_db`
--

-- --------------------------------------------------------

--
-- Table structure for table `admins`
--

CREATE TABLE `admins` (
  `id` int(10) UNSIGNED NOT NULL,
  `name` varchar(191) COLLATE utf8mb4_unicode_ci NOT NULL,
  `email` varchar(191) COLLATE utf8mb4_unicode_ci NOT NULL,
  `username` varchar(191) COLLATE utf8mb4_unicode_ci NOT NULL,
  `admin_role` tinyint(4) DEFAULT NULL,
  `photo` varchar(191) COLLATE utf8mb4_unicode_ci DEFAULT NULL,
  `password` varchar(191) COLLATE utf8mb4_unicode_ci NOT NULL,
  `status` tinyint(3) UNSIGNED NOT NULL DEFAULT 1,
  `remember_token` varchar(100) COLLATE utf8mb4_unicode_ci DEFAULT NULL,
  `created_at` timestamp NULL DEFAULT NULL,
  `updated_at` timestamp NULL DEFAULT NULL
) ENGINE=InnoDB DEFAULT CHARSET=utf8mb4 COLLATE=utf8mb4_unicode_ci ROW_FORMAT=COMPACT;

--
-- Dumping data for table `admins`
--

INSERT INTO `admins` (`id`, `name`, `email`, `username`, `admin_role`, `photo`, `password`, `status`, `remember_token`, `created_at`, `updated_at`) VALUES
(1, 'Super Admin', 'mrskuet08@gmail.com', 'superadmin', 1, 'public/images/admins/1556106587.png', '$2y$10$3XnkKZXVBJyUzhGfKqXcbugrKaBjMGjFHNG03/cI0BcE.j73T1Fou', 1, 'dUKTeKK056knalR9L3YKPvCR6PE4gkapubK5dlNTLM7THr6abe3YIM67DeId', '2019-03-24 12:00:00', '2019-07-16 23:40:52'),
(2, 'Admin', 'afzalbd1@gmail.com', 'admin', 2, NULL, '$2y$10$L6og53R53iReHxNIO3Onx.1/D1DNK2ABsSkbGZd9fM11fEzGoRzAS', 1, 'Q1RCwRSoTlwrSYBg5ZJDfNg8FpZspmaSjB96IL4bUwObYwK0eK9x3BQcN2gb', '2019-03-24 12:00:00', '2019-07-16 16:10:19'),
(3, 'Zowardear', 'rukpatha1@gmail.com', 'aslatali', 3, NULL, '$2y$10$icXOHmcjZUZRx8lvV6WTuuDOdSs/oG7rozHz2PLk86enqkVn0.JMS', 1, NULL, '2019-06-18 22:09:35', '2019-06-18 22:09:35'),
(4, 'FiTDevTeam', 'fitdevteam@fitdevteam.fitdevteam', 'fitdevteam', 1, 'public/images/admins/1582171618.png', '$2y$10$WfiCcZBB09cWY5nJqnl4.ObZfsSuzDCbCX0p2fokOpbw9f5y9NAyu', 1, NULL, '2020-02-20 15:06:58', '2020-02-20 15:06:58');

-- --------------------------------------------------------

--
-- Table structure for table `admin_access_infos`
--

CREATE TABLE `admin_access_infos` (
  `id` int(10) UNSIGNED NOT NULL,
  `admin_id` int(10) UNSIGNED NOT NULL,
  `ip` varchar(191) COLLATE utf8mb4_unicode_ci DEFAULT NULL,
  `country` varchar(191) COLLATE utf8mb4_unicode_ci DEFAULT NULL,
  `device` varchar(191) COLLATE utf8mb4_unicode_ci DEFAULT NULL,
  `browser` varchar(191) COLLATE utf8mb4_unicode_ci DEFAULT NULL,
  `status` tinyint(3) UNSIGNED NOT NULL DEFAULT 1,
  `created_at` timestamp NULL DEFAULT NULL,
  `updated_at` timestamp NULL DEFAULT NULL
) ENGINE=InnoDB DEFAULT CHARSET=utf8mb4 COLLATE=utf8mb4_unicode_ci ROW_FORMAT=COMPACT;

--
-- Dumping data for table `admin_access_infos`
--

INSERT INTO `admin_access_infos` (`id`, `admin_id`, `ip`, `country`, `device`, `browser`, `status`, `created_at`, `updated_at`) VALUES
(1, 1, '::1', NULL, 'PC', 'Chrome', 1, '2019-04-15 02:39:07', '2019-04-15 02:39:07'),
(2, 1, '::1', NULL, 'PC', 'Firefox', 1, '2019-04-15 02:59:01', '2019-04-15 02:59:01'),
(3, 1, '::1', NULL, 'PC', 'Firefox', 1, '2019-04-15 21:18:25', '2019-04-15 21:18:25'),
(4, 1, '::1', NULL, 'PC', 'Firefox', 1, '2019-04-16 05:13:57', '2019-04-16 05:13:57'),
(5, 1, '::1', NULL, 'PC', 'Chrome', 1, '2019-04-16 21:29:30', '2019-04-16 21:29:30'),
(6, 1, '127.0.0.1', NULL, 'PC', 'Firefox', 1, '2019-04-17 21:10:33', '2019-04-17 21:10:33'),
(7, 1, '::1', NULL, 'PC', 'Firefox', 1, '2019-04-18 02:15:15', '2019-04-18 02:15:15'),
(8, 1, '::1', NULL, 'PC', 'Chrome', 1, '2019-04-18 13:54:08', '2019-04-18 13:54:08'),
(9, 1, '::1', NULL, 'PC', 'Chrome', 1, '2019-04-18 15:09:37', '2019-04-18 15:09:37'),
(10, 1, '::1', NULL, 'PC', 'Chrome', 1, '2019-04-18 15:14:41', '2019-04-18 15:14:41'),
(11, 1, '::1', NULL, 'PC', 'Chrome', 1, '2019-04-18 15:17:54', '2019-04-18 15:17:54'),
(12, 1, '::1', NULL, 'PC', 'Chrome', 1, '2019-04-18 15:18:35', '2019-04-18 15:18:35'),
(13, 1, '::1', NULL, 'PC', 'Chrome', 1, '2019-04-19 03:15:19', '2019-04-19 03:15:19'),
(14, 1, '::1', NULL, 'PC', 'Chrome', 1, '2019-04-20 10:57:04', '2019-04-20 10:57:04'),
(15, 1, '::1', NULL, 'PC', 'Firefox', 1, '2019-04-20 22:25:42', '2019-04-20 22:25:42'),
(16, 1, '::1', NULL, 'PC', 'Chrome', 1, '2019-04-21 03:25:11', '2019-04-21 03:25:11'),
(17, 1, '::1', NULL, 'PC', 'Chrome', 1, '2019-04-23 00:34:40', '2019-04-23 00:34:40'),
(18, 1, '::1', NULL, 'PC', 'Firefox', 1, '2019-04-23 11:35:12', '2019-04-23 11:35:12'),
(19, 2, '::1', NULL, 'PC', 'Firefox', 1, '2019-04-23 11:41:11', '2019-04-23 11:41:11'),
(20, 1, '::1', NULL, 'PC', 'Firefox', 1, '2019-04-23 11:43:51', '2019-04-23 11:43:51'),
(21, 1, '::1', NULL, 'PC', 'Chrome', 1, '2019-04-23 12:27:19', '2019-04-23 12:27:19'),
(22, 1, '::1', NULL, 'PC', 'Firefox', 1, '2019-04-24 04:02:21', '2019-04-24 04:02:21'),
(23, 1, '::1', NULL, 'PC', 'Firefox', 1, '2019-04-24 04:15:16', '2019-04-24 04:15:16'),
(24, 1, '::1', NULL, 'PC', 'Firefox', 1, '2019-04-24 05:11:48', '2019-04-24 05:11:48'),
(25, 1, '::1', NULL, 'PC', 'Firefox', 1, '2019-04-24 11:46:49', '2019-04-24 11:46:49'),
(26, 1, '::1', NULL, 'PC', 'Chrome', 1, '2019-06-18 04:32:03', '2019-06-18 04:32:03'),
(27, 1, '103.83.206.3', NULL, 'PC', 'Chrome', 1, '2019-06-18 20:28:25', '2019-06-18 20:28:25'),
(28, 1, '103.107.123.230', NULL, 'PC', 'Chrome', 1, '2019-06-18 20:35:42', '2019-06-18 20:35:42'),
(29, 1, '103.83.206.3', NULL, 'PC', 'Chrome', 1, '2019-06-18 20:41:10', '2019-06-18 20:41:10'),
(30, 1, '103.107.123.230', NULL, 'PC', 'Chrome', 1, '2019-06-18 21:23:21', '2019-06-18 21:23:21'),
(31, 1, '103.107.123.230', NULL, 'PC', 'Chrome', 1, '2019-06-18 21:23:27', '2019-06-18 21:23:27'),
(32, 1, '103.83.206.3', NULL, 'PC', 'Chrome', 1, '2019-06-18 21:51:10', '2019-06-18 21:51:10'),
(33, 3, '103.107.123.230', NULL, 'PC', 'Firefox', 1, '2019-06-18 22:10:35', '2019-06-18 22:10:35'),
(34, 1, '103.107.123.230', NULL, 'PC', 'Chrome', 1, '2019-06-19 00:16:57', '2019-06-19 00:16:57'),
(35, 1, '103.107.123.230', NULL, 'PC', 'Firefox', 1, '2019-06-19 00:23:35', '2019-06-19 00:23:35'),
(36, 1, '103.107.123.230', NULL, 'PC', 'Firefox', 1, '2019-06-19 00:29:47', '2019-06-19 00:29:47'),
(37, 1, '103.83.207.50', NULL, 'Mobile', 'Chrome', 1, '2019-06-19 05:07:24', '2019-06-19 05:07:24'),
(38, 1, '103.83.207.50', NULL, 'Mobile', 'Chrome', 1, '2019-06-19 06:10:59', '2019-06-19 06:10:59'),
(39, 1, '103.83.207.50', NULL, 'Mobile', 'Chrome', 1, '2019-06-19 06:33:23', '2019-06-19 06:33:23'),
(40, 1, '103.83.206.3', NULL, 'PC', 'Chrome', 1, '2019-06-19 13:34:04', '2019-06-19 13:34:04'),
(41, 1, '103.83.206.3', NULL, 'PC', 'Chrome', 1, '2019-06-19 13:39:43', '2019-06-19 13:39:43'),
(42, 1, '103.83.206.3', NULL, 'PC', 'Chrome', 1, '2019-06-19 19:54:45', '2019-06-19 19:54:45'),
(43, 1, '103.83.206.3', NULL, 'PC', 'Chrome', 1, '2019-06-19 20:31:46', '2019-06-19 20:31:46'),
(44, 1, '103.83.206.3', NULL, 'PC', 'Firefox', 1, '2019-06-19 22:47:40', '2019-06-19 22:47:40'),
(45, 1, '103.83.206.3', NULL, 'PC', 'Edge', 1, '2019-06-19 23:17:51', '2019-06-19 23:17:51'),
(46, 1, '103.83.206.3', NULL, 'PC', 'Chrome', 1, '2019-06-19 23:29:11', '2019-06-19 23:29:11'),
(47, 1, '103.83.207.50', NULL, 'PC', 'Chrome', 1, '2019-06-20 00:10:19', '2019-06-20 00:10:19'),
(48, 1, '103.83.206.3', NULL, 'PC', 'Chrome', 1, '2019-06-20 13:36:21', '2019-06-20 13:36:21'),
(49, 1, '103.83.206.3', NULL, 'PC', 'Chrome', 1, '2019-06-20 18:00:47', '2019-06-20 18:00:47'),
(50, 1, '103.107.161.198', NULL, 'PC', 'Firefox', 1, '2019-06-20 19:36:54', '2019-06-20 19:36:54'),
(51, 1, '103.83.207.50', NULL, 'PC', 'Chrome', 1, '2019-06-21 07:26:32', '2019-06-21 07:26:32'),
(52, 1, '103.16.24.24', NULL, 'PC', 'Chrome', 1, '2019-06-22 02:18:20', '2019-06-22 02:18:20'),
(53, 1, '103.83.207.50', NULL, 'Mobile', 'Chrome', 1, '2019-06-22 05:00:17', '2019-06-22 05:00:17'),
(54, 1, '103.83.206.3', NULL, 'PC', 'Chrome', 1, '2019-06-22 13:47:36', '2019-06-22 13:47:36'),
(55, 1, '51.38.83.185', NULL, 'Mobile', 'Chrome', 1, '2019-06-23 06:50:25', '2019-06-23 06:50:25'),
(56, 1, '103.83.206.3', NULL, 'PC', 'Chrome', 1, '2019-06-23 13:54:41', '2019-06-23 13:54:41'),
(57, 1, '103.107.123.230', NULL, 'PC', 'Chrome', 1, '2019-06-23 16:04:42', '2019-06-23 16:04:42'),
(58, 3, '103.107.123.230', NULL, 'PC', 'Chrome', 1, '2019-06-23 18:07:15', '2019-06-23 18:07:15'),
(59, 1, '103.107.123.230', NULL, 'PC', 'Chrome', 1, '2019-06-23 18:07:32', '2019-06-23 18:07:32'),
(60, 3, '103.107.123.230', NULL, 'PC', 'Chrome', 1, '2019-06-23 18:08:28', '2019-06-23 18:08:28'),
(61, 1, '103.107.123.230', NULL, 'PC', 'Firefox', 1, '2019-06-23 19:59:22', '2019-06-23 19:59:22'),
(62, 1, '103.107.123.230', NULL, 'PC', 'Firefox', 1, '2019-06-23 20:55:18', '2019-06-23 20:55:18'),
(63, 1, '103.83.206.3', NULL, 'PC', 'Chrome', 1, '2019-06-23 22:13:56', '2019-06-23 22:13:56'),
(64, 1, '103.83.207.50', NULL, 'PC', 'Firefox', 1, '2019-06-24 02:24:34', '2019-06-24 02:24:34'),
(65, 1, '103.83.207.50', NULL, 'PC', 'Chrome', 1, '2019-06-24 03:34:33', '2019-06-24 03:34:33'),
(66, 1, '103.16.24.8', NULL, 'PC', 'Firefox', 1, '2019-06-24 13:48:54', '2019-06-24 13:48:54'),
(67, 1, '103.83.206.3', NULL, 'PC', 'Chrome', 1, '2019-06-24 13:56:40', '2019-06-24 13:56:40'),
(68, 1, '103.107.123.230', NULL, 'PC', 'Firefox', 1, '2019-06-24 15:12:54', '2019-06-24 15:12:54'),
(69, 1, '103.107.123.230', NULL, 'PC', 'Firefox', 1, '2019-06-25 00:53:07', '2019-06-25 00:53:07'),
(70, 1, '103.107.123.230', NULL, 'PC', 'Firefox', 1, '2019-06-25 00:55:58', '2019-06-25 00:55:58'),
(71, 1, '103.107.123.230', NULL, 'PC', 'Firefox', 1, '2019-06-25 01:18:31', '2019-06-25 01:18:31'),
(72, 1, '103.83.206.3', NULL, 'PC', 'Chrome', 1, '2019-06-25 14:40:02', '2019-06-25 14:40:02'),
(73, 1, '103.83.206.3', NULL, 'PC', 'Chrome', 1, '2019-06-25 14:42:33', '2019-06-25 14:42:33'),
(74, 1, '103.83.206.3', NULL, 'PC', 'Chrome', 1, '2019-06-25 18:40:22', '2019-06-25 18:40:22'),
(75, 1, '103.83.206.3', NULL, 'PC', 'Chrome', 1, '2019-06-25 18:56:36', '2019-06-25 18:56:36'),
(76, 1, '103.83.206.3', NULL, 'PC', 'Chrome', 1, '2019-06-25 18:56:47', '2019-06-25 18:56:47'),
(77, 1, '103.107.123.230', NULL, 'PC', 'Firefox', 1, '2019-06-25 19:03:18', '2019-06-25 19:03:18'),
(78, 1, '103.83.206.3', NULL, 'PC', 'Chrome', 1, '2019-06-25 19:07:48', '2019-06-25 19:07:48'),
(79, 1, '103.83.206.3', NULL, 'PC', 'Chrome', 1, '2019-06-25 19:08:22', '2019-06-25 19:08:22'),
(80, 1, '103.83.206.3', NULL, 'PC', 'Chrome', 1, '2019-06-25 19:12:13', '2019-06-25 19:12:13'),
(81, 1, '103.83.206.3', NULL, 'PC', 'Chrome', 1, '2019-06-25 19:13:50', '2019-06-25 19:13:50'),
(82, 1, '103.83.206.3', NULL, 'PC', 'Chrome', 1, '2019-06-25 19:15:35', '2019-06-25 19:15:35'),
(83, 1, '103.83.206.3', NULL, 'PC', 'Chrome', 1, '2019-06-25 19:15:50', '2019-06-25 19:15:50'),
(84, 1, '103.83.206.3', NULL, 'Mobile', 'Chrome', 1, '2019-06-25 19:34:02', '2019-06-25 19:34:02'),
(85, 1, '103.83.206.3', NULL, 'PC', 'Chrome', 1, '2019-06-25 21:33:16', '2019-06-25 21:33:16'),
(86, 1, '103.83.206.3', NULL, 'PC', 'Chrome', 1, '2019-06-25 21:35:25', '2019-06-25 21:35:25'),
(87, 1, '103.107.123.230', NULL, 'PC', 'Firefox', 1, '2019-06-26 02:14:11', '2019-06-26 02:14:11'),
(88, 1, '103.83.207.50', NULL, 'Mobile', 'Chrome', 1, '2019-06-26 03:11:01', '2019-06-26 03:11:01'),
(89, 1, '103.67.159.246', NULL, 'PC', 'Firefox', 1, '2019-06-26 15:32:02', '2019-06-26 15:32:02'),
(90, 1, '103.83.206.3', NULL, 'PC', 'Chrome', 1, '2019-06-26 16:49:23', '2019-06-26 16:49:23'),
(91, 1, '103.107.123.230', NULL, 'PC', 'Firefox', 1, '2019-06-26 19:12:59', '2019-06-26 19:12:59'),
(92, 1, '103.67.159.246', NULL, 'PC', 'Firefox', 1, '2019-06-26 19:42:55', '2019-06-26 19:42:55'),
(93, 1, '103.107.123.230', NULL, 'PC', 'Firefox', 1, '2019-06-26 21:13:47', '2019-06-26 21:13:47'),
(94, 1, '103.67.159.246', NULL, 'PC', 'Firefox', 1, '2019-06-26 22:05:10', '2019-06-26 22:05:10'),
(95, 1, '103.83.207.50', NULL, 'Mobile', 'Chrome', 1, '2019-06-26 23:58:53', '2019-06-26 23:58:53'),
(96, 1, '103.107.123.230', NULL, 'PC', 'Firefox', 1, '2019-06-27 03:06:03', '2019-06-27 03:06:03'),
(97, 1, '51.38.83.179', NULL, 'Mobile', 'Chrome', 1, '2019-06-27 05:02:57', '2019-06-27 05:02:57'),
(98, 1, '103.83.206.3', NULL, 'PC', 'Firefox', 1, '2019-06-27 13:31:22', '2019-06-27 13:31:22'),
(99, 1, '103.83.206.3', NULL, 'PC', 'Chrome', 1, '2019-06-27 13:33:32', '2019-06-27 13:33:32'),
(100, 1, '103.83.206.3', NULL, 'PC', 'Chrome', 1, '2019-06-27 13:39:56', '2019-06-27 13:39:56'),
(101, 1, '103.83.206.3', NULL, 'PC', 'Firefox', 1, '2019-06-27 15:02:39', '2019-06-27 15:02:39'),
(102, 1, '103.107.123.230', NULL, 'PC', 'Firefox', 1, '2019-06-27 18:30:15', '2019-06-27 18:30:15'),
(103, 1, '42.0.5.239', NULL, 'PC', 'Chrome', 1, '2019-06-28 01:37:21', '2019-06-28 01:37:21'),
(104, 1, '116.58.202.51', NULL, 'PC', 'Firefox', 1, '2019-06-29 14:06:43', '2019-06-29 14:06:43'),
(105, 1, '103.83.206.3', NULL, 'PC', 'Firefox', 1, '2019-06-30 01:36:55', '2019-06-30 01:36:55'),
(106, 1, '116.206.44.34', NULL, 'PC', 'Firefox', 1, '2019-06-30 01:48:38', '2019-06-30 01:48:38'),
(107, 1, '103.83.206.3', NULL, 'PC', 'Chrome', 1, '2019-07-01 15:05:44', '2019-07-01 15:05:44'),
(108, 1, '103.83.206.3', NULL, 'PC', 'Chrome', 1, '2019-07-03 14:39:58', '2019-07-03 14:39:58'),
(109, 1, '42.0.4.245', NULL, 'Mobile', 'Chrome', 1, '2019-07-10 23:19:52', '2019-07-10 23:19:52'),
(110, 1, '103.67.158.75', NULL, 'PC', 'Firefox', 1, '2019-07-11 11:01:33', '2019-07-11 11:01:33'),
(111, 1, '103.67.158.75', NULL, 'PC', 'Firefox', 1, '2019-07-11 12:26:26', '2019-07-11 12:26:26'),
(112, 1, '103.83.206.3', NULL, 'PC', 'Chrome', 1, '2019-07-11 14:12:31', '2019-07-11 14:12:31'),
(113, 1, '103.83.206.3', NULL, 'PC', 'Chrome', 1, '2019-07-11 14:33:36', '2019-07-11 14:33:36'),
(114, 1, '103.83.206.3', NULL, 'PC', 'Chrome', 1, '2019-07-11 16:55:50', '2019-07-11 16:55:50'),
(115, 1, '103.83.206.3', NULL, 'PC', 'Chrome', 1, '2019-07-11 17:58:20', '2019-07-11 17:58:20'),
(116, 1, '103.83.206.3', NULL, 'PC', 'Firefox', 1, '2019-07-11 19:06:39', '2019-07-11 19:06:39'),
(117, 1, '103.83.206.3', NULL, 'PC', 'Chrome', 1, '2019-07-11 19:54:44', '2019-07-11 19:54:44'),
(118, 1, '42.0.5.233', NULL, 'Mobile', 'Chrome', 1, '2019-07-11 20:42:56', '2019-07-11 20:42:56'),
(119, 1, '103.83.206.3', NULL, 'PC', 'Chrome', 1, '2019-07-13 17:39:47', '2019-07-13 17:39:47'),
(120, 1, '103.83.206.3', NULL, 'PC', 'Firefox', 1, '2019-07-13 18:05:46', '2019-07-13 18:05:46'),
(121, 1, '103.83.206.3', NULL, 'Mobile', 'Chrome', 1, '2019-07-13 20:27:16', '2019-07-13 20:27:16'),
(122, 1, '103.83.206.3', NULL, 'PC', 'Firefox', 1, '2019-07-13 20:44:15', '2019-07-13 20:44:15'),
(123, 1, '103.83.206.3', NULL, 'PC', 'Chrome', 1, '2019-07-13 21:30:18', '2019-07-13 21:30:18'),
(124, 1, '103.83.206.3', NULL, 'PC', 'Firefox', 1, '2019-07-13 22:04:13', '2019-07-13 22:04:13'),
(125, 1, '103.83.206.3', NULL, 'PC', 'Firefox', 1, '2019-07-13 22:17:05', '2019-07-13 22:17:05'),
(126, 1, '42.0.6.229', NULL, 'Mobile', 'Chrome', 1, '2019-07-13 22:37:40', '2019-07-13 22:37:40'),
(127, 1, '116.58.201.150', NULL, 'Mobile', 'Chrome', 1, '2019-07-14 03:05:27', '2019-07-14 03:05:27'),
(128, 1, '103.83.206.3', NULL, 'PC', 'Chrome', 1, '2019-07-14 13:32:23', '2019-07-14 13:32:23'),
(129, 1, '103.83.206.3', NULL, 'PC', 'Firefox', 1, '2019-07-14 14:34:50', '2019-07-14 14:34:50'),
(130, 1, '103.83.206.3', NULL, 'PC', 'Chrome', 1, '2019-07-14 17:43:28', '2019-07-14 17:43:28'),
(131, 1, '103.67.156.225', NULL, 'Mobile', 'Chrome', 1, '2019-07-14 18:31:00', '2019-07-14 18:31:00'),
(132, 1, '103.67.156.225', NULL, 'PC', 'Chrome', 1, '2019-07-14 18:32:59', '2019-07-14 18:32:59'),
(133, 1, '42.0.4.253', NULL, 'Mobile', 'Chrome', 1, '2019-07-14 19:30:00', '2019-07-14 19:30:00'),
(134, 1, '103.67.158.140', NULL, 'PC', 'Chrome', 1, '2019-07-14 21:21:27', '2019-07-14 21:21:27'),
(135, 1, '103.67.157.14', NULL, 'PC', 'Chrome', 1, '2019-07-15 04:36:03', '2019-07-15 04:36:03'),
(136, 1, '103.83.206.3', NULL, 'PC', 'Chrome', 1, '2019-07-15 13:25:52', '2019-07-15 13:25:52'),
(137, 1, '103.83.206.3', NULL, 'PC', 'Chrome', 1, '2019-07-15 13:49:38', '2019-07-15 13:49:38'),
(138, 1, '103.83.206.3', NULL, 'PC', 'Chrome', 1, '2019-07-15 13:59:30', '2019-07-15 13:59:30'),
(139, 1, '103.83.206.3', NULL, 'PC', 'Chrome', 1, '2019-07-15 14:14:17', '2019-07-15 14:14:17'),
(140, 1, '103.83.206.3', NULL, 'PC', 'Firefox', 1, '2019-07-15 14:27:04', '2019-07-15 14:27:04'),
(141, 1, '103.83.206.3', NULL, 'PC', 'Chrome', 1, '2019-07-15 14:30:01', '2019-07-15 14:30:01'),
(142, 1, '103.83.206.3', NULL, 'PC', 'Firefox', 1, '2019-07-15 14:38:48', '2019-07-15 14:38:48'),
(143, 1, '103.83.206.3', NULL, 'PC', 'Chrome', 1, '2019-07-15 15:00:54', '2019-07-15 15:00:54'),
(144, 1, '103.83.206.3', NULL, 'PC', 'Chrome', 1, '2019-07-15 17:53:52', '2019-07-15 17:53:52'),
(145, 1, '103.83.206.3', NULL, 'PC', 'Chrome', 1, '2019-07-15 18:06:17', '2019-07-15 18:06:17'),
(146, 1, '103.83.206.3', NULL, 'PC', 'Chrome', 1, '2019-07-15 18:07:55', '2019-07-15 18:07:55'),
(147, 1, '103.83.206.3', NULL, 'PC', 'Chrome', 1, '2019-07-15 18:13:02', '2019-07-15 18:13:02'),
(148, 1, '103.83.206.3', NULL, 'PC', 'Chrome', 1, '2019-07-16 13:48:52', '2019-07-16 13:48:52'),
(149, 2, '103.83.206.3', NULL, 'PC', 'Chrome', 1, '2019-07-16 16:10:27', '2019-07-16 16:10:27'),
(150, 1, '103.83.206.3', NULL, 'PC', 'Firefox', 1, '2019-07-16 16:35:51', '2019-07-16 16:35:51'),
(151, 1, '103.83.206.3', NULL, 'PC', 'Firefox', 1, '2019-07-16 23:41:00', '2019-07-16 23:41:00'),
(152, 1, '103.107.123.230', NULL, 'PC', 'Firefox', 1, '2019-07-17 00:42:27', '2019-07-17 00:42:27'),
(153, 1, '42.0.5.250', NULL, 'Mobile', 'Chrome', 1, '2019-07-17 01:12:34', '2019-07-17 01:12:34'),
(154, 1, '103.107.123.230', NULL, 'PC', 'Firefox', 1, '2019-07-17 18:50:28', '2019-07-17 18:50:28'),
(155, 1, '103.83.206.3', NULL, 'PC', 'Chrome', 1, '2019-07-17 19:01:03', '2019-07-17 19:01:03'),
(156, 1, '103.83.206.3', NULL, 'PC', 'Firefox', 1, '2019-07-17 19:10:08', '2019-07-17 19:10:08'),
(157, 1, '103.107.123.230', NULL, 'PC', 'Firefox', 1, '2019-07-17 19:27:52', '2019-07-17 19:27:52'),
(158, 1, '103.83.206.3', NULL, 'PC', 'Chrome', 1, '2019-07-17 19:29:25', '2019-07-17 19:29:25'),
(159, 1, '103.107.123.230', NULL, 'PC', 'Firefox', 1, '2019-07-18 16:37:04', '2019-07-18 16:37:04'),
(160, 1, '103.107.123.230', NULL, 'PC', 'Firefox', 1, '2019-07-18 21:23:51', '2019-07-18 21:23:51'),
(161, 1, '42.0.4.226', NULL, 'PC', 'Chrome', 1, '2019-07-18 21:41:01', '2019-07-18 21:41:01'),
(162, 1, '103.107.123.230', NULL, 'PC', 'Chrome', 1, '2019-07-18 23:52:35', '2019-07-18 23:52:35'),
(163, 1, '103.83.206.3', NULL, 'PC', 'Firefox', 1, '2019-07-19 00:22:03', '2019-07-19 00:22:03'),
(164, 1, '103.107.123.230', NULL, 'PC', 'Firefox', 1, '2019-07-19 15:37:41', '2019-07-19 15:37:41'),
(165, 1, '103.107.123.230', NULL, 'PC', 'Firefox', 1, '2019-07-20 15:47:34', '2019-07-20 15:47:34'),
(166, 1, '103.107.123.230', NULL, 'PC', 'Firefox', 1, '2019-07-21 15:53:10', '2019-07-21 15:53:10'),
(167, 1, '103.83.206.3', NULL, 'PC', 'Firefox', 1, '2019-07-22 14:21:18', '2019-07-22 14:21:18'),
(168, 1, '103.107.123.230', NULL, 'PC', 'Firefox', 1, '2019-07-22 15:46:42', '2019-07-22 15:46:42'),
(169, 1, '103.107.123.230', NULL, 'PC', 'Firefox', 1, '2019-07-23 17:08:01', '2019-07-23 17:08:01'),
(170, 1, '103.83.206.3', NULL, 'PC', 'Firefox', 1, '2019-07-23 20:29:24', '2019-07-23 20:29:24'),
(171, 1, '103.107.123.230', NULL, 'PC', 'Firefox', 1, '2019-07-23 23:14:56', '2019-07-23 23:14:56'),
(172, 1, '103.107.123.230', NULL, 'PC', 'Firefox', 1, '2019-07-24 16:22:20', '2019-07-24 16:22:20'),
(173, 1, '103.107.123.230', NULL, 'PC', 'Firefox', 1, '2019-07-25 15:35:19', '2019-07-25 15:35:19'),
(174, 1, '103.107.123.230', NULL, 'PC', 'Firefox', 1, '2019-07-25 17:53:16', '2019-07-25 17:53:16'),
(175, 1, '103.107.123.230', NULL, 'PC', 'Firefox', 1, '2019-07-26 15:20:42', '2019-07-26 15:20:42'),
(176, 1, '103.107.123.230', NULL, 'PC', 'Firefox', 1, '2019-07-26 19:24:31', '2019-07-26 19:24:31'),
(177, 1, '103.107.123.230', NULL, 'PC', 'Firefox', 1, '2019-07-26 22:25:21', '2019-07-26 22:25:21'),
(178, 1, '103.107.123.230', NULL, 'PC', 'Firefox', 1, '2019-07-27 15:56:22', '2019-07-27 15:56:22'),
(179, 1, '103.107.123.230', NULL, 'PC', 'Firefox', 1, '2019-07-27 23:50:00', '2019-07-27 23:50:00'),
(180, 1, '103.107.123.230', NULL, 'PC', 'Firefox', 1, '2019-07-28 17:21:43', '2019-07-28 17:21:43'),
(181, 1, '103.107.123.230', NULL, 'PC', 'Firefox', 1, '2019-07-28 23:11:38', '2019-07-28 23:11:38'),
(182, 1, '103.107.123.230', NULL, 'PC', 'Firefox', 1, '2019-07-29 01:57:22', '2019-07-29 01:57:22'),
(183, 1, '103.107.123.230', NULL, 'PC', 'Firefox', 1, '2019-07-29 17:03:51', '2019-07-29 17:03:51'),
(184, 1, '103.107.123.230', NULL, 'PC', 'Firefox', 1, '2019-07-29 23:38:58', '2019-07-29 23:38:58'),
(185, 1, '103.107.123.230', NULL, 'PC', 'Firefox', 1, '2019-07-30 16:54:45', '2019-07-30 16:54:45'),
(186, 1, '103.107.123.230', NULL, 'PC', 'Firefox', 1, '2019-07-30 19:21:10', '2019-07-30 19:21:10'),
(187, 1, '103.107.123.230', NULL, 'PC', 'Firefox', 1, '2019-07-30 22:19:03', '2019-07-30 22:19:03'),
(188, 1, '103.107.123.230', NULL, 'PC', 'Firefox', 1, '2019-07-31 15:43:33', '2019-07-31 15:43:33'),
(189, 1, '103.107.123.230', NULL, 'PC', 'Firefox', 1, '2019-07-31 18:28:07', '2019-07-31 18:28:07'),
(190, 1, '103.107.123.230', NULL, 'PC', 'Firefox', 1, '2019-08-01 01:47:33', '2019-08-01 01:47:33'),
(191, 1, '103.107.123.230', NULL, 'PC', 'Firefox', 1, '2019-08-01 19:28:31', '2019-08-01 19:28:31'),
(192, 1, '103.52.135.60', NULL, 'Mobile', 'Chrome', 1, '2019-08-02 05:46:57', '2019-08-02 05:46:57'),
(193, 1, '103.107.123.230', NULL, 'PC', 'Firefox', 1, '2019-08-02 18:17:19', '2019-08-02 18:17:19'),
(194, 1, '103.107.123.230', NULL, 'PC', 'Firefox', 1, '2019-08-03 16:40:48', '2019-08-03 16:40:48'),
(195, 1, '103.107.123.230', NULL, 'PC', 'Firefox', 1, '2019-08-03 22:28:23', '2019-08-03 22:28:23'),
(196, 1, '103.107.123.230', NULL, 'PC', 'Firefox', 1, '2019-08-04 02:00:30', '2019-08-04 02:00:30'),
(197, 1, '103.107.123.230', NULL, 'PC', 'Firefox', 1, '2019-08-04 18:21:23', '2019-08-04 18:21:23'),
(198, 1, '103.107.123.230', NULL, 'PC', 'Firefox', 1, '2019-08-05 00:09:32', '2019-08-05 00:09:32'),
(199, 1, '103.107.123.230', NULL, 'PC', 'Firefox', 1, '2019-08-06 00:19:21', '2019-08-06 00:19:21'),
(200, 1, '103.107.123.230', NULL, 'PC', 'Firefox', 1, '2019-08-07 17:01:09', '2019-08-07 17:01:09'),
(201, 1, '103.107.123.230', NULL, 'PC', 'Chrome', 1, '2019-08-07 17:02:01', '2019-08-07 17:02:01'),
(202, 1, '103.107.123.230', NULL, 'PC', 'Chrome', 1, '2019-08-08 00:59:55', '2019-08-08 00:59:55'),
(203, 1, '103.107.123.230', NULL, 'PC', 'Chrome', 1, '2019-08-08 16:24:25', '2019-08-08 16:24:25'),
(204, 1, '103.107.123.230', NULL, 'PC', 'Firefox', 1, '2019-08-08 17:32:21', '2019-08-08 17:32:21'),
(205, 1, '103.107.123.230', NULL, 'PC', 'Chrome', 1, '2019-08-09 00:31:07', '2019-08-09 00:31:07'),
(206, 1, '103.107.123.230', NULL, 'PC', 'Firefox', 1, '2019-08-09 00:35:01', '2019-08-09 00:35:01'),
(207, 1, '103.107.123.230', NULL, 'PC', 'Chrome', 1, '2019-08-09 16:56:07', '2019-08-09 16:56:07'),
(208, 1, '103.83.206.3', NULL, 'PC', 'Firefox', 1, '2019-08-09 20:23:27', '2019-08-09 20:23:27'),
(209, 1, '103.83.206.3', NULL, 'PC', 'Chrome', 1, '2019-08-09 20:29:52', '2019-08-09 20:29:52'),
(210, 1, '103.83.206.3', NULL, 'PC', 'Chrome', 1, '2019-08-09 20:46:02', '2019-08-09 20:46:02'),
(211, 1, '103.107.123.230', NULL, 'PC', 'Chrome', 1, '2019-08-09 21:30:20', '2019-08-09 21:30:20'),
(212, 1, '103.107.123.230', NULL, 'PC', 'Chrome', 1, '2019-08-10 01:49:04', '2019-08-10 01:49:04'),
(213, 1, '103.107.123.230', NULL, 'PC', 'Chrome', 1, '2019-08-10 21:52:26', '2019-08-10 21:52:26'),
(214, 1, '103.107.123.230', NULL, 'PC', 'Firefox', 1, '2019-08-10 22:24:47', '2019-08-10 22:24:47'),
(215, 1, '103.107.160.237', NULL, 'PC', 'Chrome', 1, '2019-08-11 16:08:54', '2019-08-11 16:08:54'),
(216, 1, '103.107.160.237', NULL, 'PC', 'Firefox', 1, '2019-08-11 16:57:08', '2019-08-11 16:57:08'),
(217, 1, '103.107.160.237', NULL, 'PC', 'IE', 1, '2019-08-11 17:05:15', '2019-08-11 17:05:15'),
(218, 1, '103.107.123.230', NULL, 'PC', 'Firefox', 1, '2019-08-11 17:37:16', '2019-08-11 17:37:16'),
(219, 1, '103.107.123.230', NULL, 'PC', 'Firefox', 1, '2019-08-12 22:08:18', '2019-08-12 22:08:18'),
(220, 1, '42.0.4.249', NULL, 'PC', 'Chrome', 1, '2019-08-12 22:40:34', '2019-08-12 22:40:34'),
(221, 1, '43.245.120.77', NULL, 'Mobile', 'Chrome', 1, '2019-08-13 12:23:07', '2019-08-13 12:23:07'),
(222, 1, '103.107.123.230', NULL, 'PC', 'Firefox', 1, '2019-08-15 18:41:20', '2019-08-15 18:41:20'),
(223, 1, '103.107.123.230', NULL, 'PC', 'Firefox', 1, '2019-08-16 18:50:31', '2019-08-16 18:50:31'),
(224, 1, '103.52.135.60', NULL, 'Mobile', 'Chrome', 1, '2019-08-17 12:00:40', '2019-08-17 12:00:40'),
(225, 1, '103.83.206.3', NULL, 'PC', 'Chrome', 1, '2019-08-17 15:04:58', '2019-08-17 15:04:58'),
(226, 1, '103.83.206.3', NULL, 'PC', 'Firefox', 1, '2019-08-17 15:36:43', '2019-08-17 15:36:43'),
(227, 1, '209.95.56.53', NULL, 'PC', 'Firefox', 1, '2019-08-17 16:57:36', '2019-08-17 16:57:36'),
(228, 1, '103.83.206.3', NULL, 'PC', 'Chrome', 1, '2019-08-18 19:49:31', '2019-08-18 19:49:31'),
(229, 1, '103.107.123.134', NULL, 'PC', 'Chrome', 1, '2019-08-23 23:37:44', '2019-08-23 23:37:44'),
(230, 1, '103.107.123.134', NULL, 'PC', 'Chrome', 1, '2019-08-23 23:39:16', '2019-08-23 23:39:16'),
(231, 1, '103.107.123.134', NULL, 'PC', 'Firefox', 1, '2019-08-23 23:42:11', '2019-08-23 23:42:11'),
(232, 1, '43.245.121.84', NULL, 'PC', 'Firefox', 1, '2019-08-27 15:38:30', '2019-08-27 15:38:30'),
(233, 1, '43.245.121.84', NULL, 'PC', 'Firefox', 1, '2019-08-27 15:40:32', '2019-08-27 15:40:32'),
(234, 1, '103.83.206.3', NULL, 'PC', 'Chrome', 1, '2019-08-27 15:45:46', '2019-08-27 15:45:46'),
(235, 1, '43.245.121.84', NULL, 'PC', 'Chrome', 1, '2019-08-27 15:53:30', '2019-08-27 15:53:30'),
(236, 1, '43.245.121.84', NULL, 'PC', 'Firefox', 1, '2019-08-27 15:58:35', '2019-08-27 15:58:35'),
(237, 1, '43.245.121.84', NULL, 'PC', 'Chrome', 1, '2019-08-27 16:00:25', '2019-08-27 16:00:25'),
(238, 1, '43.245.121.84', NULL, 'PC', 'Firefox', 1, '2019-08-27 16:32:19', '2019-08-27 16:32:19'),
(239, 1, '103.80.70.154', NULL, 'PC', 'Firefox', 1, '2019-08-28 12:31:48', '2019-08-28 12:31:48'),
(240, 1, '103.80.70.154', NULL, 'PC', 'Chrome', 1, '2019-08-28 14:00:06', '2019-08-28 14:00:06'),
(241, 1, '103.83.206.3', NULL, 'PC', 'Chrome', 1, '2019-08-28 14:30:25', '2019-08-28 14:30:25'),
(242, 1, '103.80.70.154', NULL, 'PC', 'Firefox', 1, '2019-08-28 15:51:54', '2019-08-28 15:51:54'),
(243, 1, '103.83.206.3', NULL, 'PC', 'Firefox', 1, '2019-08-28 16:15:26', '2019-08-28 16:15:26'),
(244, 1, '103.83.206.3', NULL, 'PC', 'Edge', 1, '2019-08-28 16:21:57', '2019-08-28 16:21:57'),
(245, 1, '103.80.70.154', NULL, 'PC', 'Chrome', 1, '2019-08-28 16:36:15', '2019-08-28 16:36:15'),
(246, 1, '103.107.123.134', NULL, 'PC', 'Firefox', 1, '2019-08-28 21:52:20', '2019-08-28 21:52:20'),
(247, 1, '103.107.123.134', NULL, 'PC', 'Chrome', 1, '2019-08-28 22:16:10', '2019-08-28 22:16:10'),
(248, 1, '103.83.206.3', NULL, 'PC', 'Chrome', 1, '2019-08-29 13:50:56', '2019-08-29 13:50:56'),
(249, 1, '103.107.123.134', NULL, 'PC', 'Firefox', 1, '2019-08-29 15:40:52', '2019-08-29 15:40:52'),
(250, 1, '103.107.123.134', NULL, 'PC', 'Firefox', 1, '2019-08-29 21:18:25', '2019-08-29 21:18:25'),
(251, 1, '103.107.123.134', NULL, 'PC', 'Firefox', 1, '2019-08-30 14:46:49', '2019-08-30 14:46:49'),
(252, 1, '103.107.123.134', NULL, 'PC', 'Firefox', 1, '2019-08-31 16:35:00', '2019-08-31 16:35:00'),
(253, 1, '103.107.123.134', NULL, 'PC', 'Firefox', 1, '2019-08-31 20:12:21', '2019-08-31 20:12:21'),
(254, 1, '103.107.123.134', NULL, 'PC', 'Firefox', 1, '2019-08-31 23:27:01', '2019-08-31 23:27:01'),
(255, 1, '116.206.44.34', NULL, 'PC', 'Firefox', 1, '2019-09-01 15:00:09', '2019-09-01 15:00:09'),
(256, 1, '103.107.123.134', NULL, 'PC', 'Firefox', 1, '2019-09-01 15:41:52', '2019-09-01 15:41:52'),
(257, 1, '103.107.123.134', NULL, 'PC', 'Firefox', 1, '2019-09-01 21:45:15', '2019-09-01 21:45:15'),
(258, 1, '103.83.206.3', NULL, 'PC', 'Chrome', 1, '2019-09-02 13:20:31', '2019-09-02 13:20:31'),
(259, 1, '103.107.123.134', NULL, 'PC', 'Firefox', 1, '2019-09-02 15:29:06', '2019-09-02 15:29:06'),
(260, 1, '103.83.206.3', NULL, 'PC', 'Chrome', 1, '2019-09-02 16:08:56', '2019-09-02 16:08:56'),
(261, 1, '103.107.123.134', NULL, 'PC', 'Firefox', 1, '2019-09-03 17:44:51', '2019-09-03 17:44:51'),
(262, 1, '103.107.123.134', NULL, 'PC', 'Firefox', 1, '2019-09-04 17:13:50', '2019-09-04 17:13:50'),
(263, 1, '103.107.123.134', NULL, 'PC', 'Firefox', 1, '2019-09-05 14:58:48', '2019-09-05 14:58:48'),
(264, 1, '103.107.123.134', NULL, 'PC', 'Firefox', 1, '2019-09-06 15:53:39', '2019-09-06 15:53:39'),
(265, 1, '103.107.123.134', NULL, 'PC', 'Firefox', 1, '2019-09-06 22:27:12', '2019-09-06 22:27:12'),
(266, 1, '103.107.123.134', NULL, 'PC', 'Firefox', 1, '2019-09-07 15:37:47', '2019-09-07 15:37:47'),
(267, 1, '103.107.123.134', NULL, 'PC', 'Firefox', 1, '2019-09-08 16:16:44', '2019-09-08 16:16:44'),
(268, 1, '103.107.123.134', NULL, 'PC', 'Firefox', 1, '2019-09-08 23:30:49', '2019-09-08 23:30:49'),
(269, 1, '103.107.123.134', NULL, 'PC', 'Firefox', 1, '2019-09-09 02:53:33', '2019-09-09 02:53:33'),
(270, 1, '103.107.123.134', NULL, 'PC', 'Firefox', 1, '2019-09-09 15:41:22', '2019-09-09 15:41:22'),
(271, 1, '103.107.123.134', NULL, 'PC', 'Firefox', 1, '2019-09-09 18:03:00', '2019-09-09 18:03:00'),
(272, 1, '103.107.123.134', NULL, 'PC', 'Firefox', 1, '2019-09-10 16:03:12', '2019-09-10 16:03:12'),
(273, 1, '103.83.206.3', NULL, 'PC', 'Chrome', 1, '2019-09-11 13:34:10', '2019-09-11 13:34:10'),
(274, 1, '103.107.123.134', NULL, 'PC', 'Firefox', 1, '2019-09-11 15:17:56', '2019-09-11 15:17:56'),
(275, 1, '103.107.123.134', NULL, 'PC', 'Firefox', 1, '2019-09-12 16:33:48', '2019-09-12 16:33:48'),
(276, 1, '103.107.123.134', NULL, 'PC', 'Firefox', 1, '2019-09-13 00:27:44', '2019-09-13 00:27:44'),
(277, 1, '103.107.123.134', NULL, 'PC', 'Firefox', 1, '2019-09-13 16:39:52', '2019-09-13 16:39:52'),
(278, 1, '103.107.123.134', NULL, 'PC', 'Firefox', 1, '2019-09-14 15:06:22', '2019-09-14 15:06:22'),
(279, 1, '103.107.123.134', NULL, 'PC', 'Firefox', 1, '2019-09-15 14:53:31', '2019-09-15 14:53:31'),
(280, 1, '103.83.206.3', NULL, 'PC', 'Chrome', 1, '2019-09-15 20:42:41', '2019-09-15 20:42:41'),
(281, 1, '103.107.123.134', NULL, 'PC', 'Firefox', 1, '2019-09-16 15:51:05', '2019-09-16 15:51:05'),
(282, 1, '103.107.123.134', NULL, 'PC', 'Firefox', 1, '2019-09-17 15:03:21', '2019-09-17 15:03:21'),
(283, 1, '103.107.123.134', NULL, 'PC', 'Firefox', 1, '2019-09-18 15:25:35', '2019-09-18 15:25:35'),
(284, 1, '103.107.123.134', NULL, 'PC', 'Firefox', 1, '2019-09-19 15:24:26', '2019-09-19 15:24:26'),
(285, 1, '103.107.123.134', NULL, 'PC', 'Firefox', 1, '2019-09-20 16:05:26', '2019-09-20 16:05:26'),
(286, 1, '103.107.123.134', NULL, 'PC', 'Firefox', 1, '2019-09-21 16:03:07', '2019-09-21 16:03:07'),
(287, 1, '103.107.123.134', NULL, 'PC', 'Firefox', 1, '2019-09-21 21:01:01', '2019-09-21 21:01:01'),
(288, 1, '103.107.123.134', NULL, 'PC', 'Firefox', 1, '2019-09-22 15:56:30', '2019-09-22 15:56:30'),
(289, 1, '103.107.123.134', NULL, 'PC', 'Firefox', 1, '2019-09-22 22:04:44', '2019-09-22 22:04:44'),
(290, 1, '103.107.123.134', NULL, 'PC', 'Firefox', 1, '2019-09-23 17:56:12', '2019-09-23 17:56:12'),
(291, 1, '103.107.123.134', NULL, 'PC', 'Firefox', 1, '2019-09-24 15:06:13', '2019-09-24 15:06:13'),
(292, 1, '103.107.123.134', NULL, 'PC', 'Firefox', 1, '2019-09-24 23:29:46', '2019-09-24 23:29:46'),
(293, 1, '103.107.123.134', NULL, 'PC', 'Firefox', 1, '2019-09-25 15:11:49', '2019-09-25 15:11:49'),
(294, 1, '103.107.123.134', NULL, 'PC', 'Firefox', 1, '2019-09-25 19:55:47', '2019-09-25 19:55:47'),
(295, 1, '103.107.123.134', NULL, 'PC', 'Firefox', 1, '2019-09-25 22:22:47', '2019-09-25 22:22:47'),
(296, 1, '103.107.123.134', NULL, 'PC', 'Firefox', 1, '2019-09-26 16:03:44', '2019-09-26 16:03:44'),
(297, 1, '103.107.123.134', NULL, 'PC', 'Firefox', 1, '2019-09-27 15:17:11', '2019-09-27 15:17:11'),
(298, 1, '103.107.123.134', NULL, 'PC', 'Firefox', 1, '2019-09-28 15:58:41', '2019-09-28 15:58:41'),
(299, 1, '103.107.123.134', NULL, 'PC', 'Firefox', 1, '2019-09-29 15:21:43', '2019-09-29 15:21:43'),
(300, 1, '103.107.123.134', NULL, 'PC', 'Firefox', 1, '2019-09-30 15:07:21', '2019-09-30 15:07:21'),
(301, 1, '195.201.40.198', NULL, 'Mobile', 'Chrome', 1, '2019-09-30 17:09:12', '2019-09-30 17:09:12'),
(302, 1, '103.107.123.134', NULL, 'PC', 'Firefox', 1, '2019-10-01 16:02:13', '2019-10-01 16:02:13'),
(303, 1, '103.107.123.134', NULL, 'PC', 'Firefox', 1, '2019-10-01 23:24:05', '2019-10-01 23:24:05'),
(304, 1, '103.107.123.134', NULL, 'PC', 'Firefox', 1, '2019-10-02 15:12:05', '2019-10-02 15:12:05'),
(305, 1, '103.107.123.134', NULL, 'PC', 'Firefox', 1, '2019-10-02 21:16:36', '2019-10-02 21:16:36'),
(306, 1, '103.107.123.134', NULL, 'PC', 'Firefox', 1, '2019-10-03 15:30:29', '2019-10-03 15:30:29'),
(307, 1, '103.107.123.134', NULL, 'PC', 'Firefox', 1, '2019-10-04 15:25:09', '2019-10-04 15:25:09'),
(308, 1, '103.107.123.134', NULL, 'PC', 'Firefox', 1, '2019-10-05 15:38:12', '2019-10-05 15:38:12'),
(309, 1, '103.107.123.134', NULL, 'PC', 'Firefox', 1, '2019-10-06 16:37:35', '2019-10-06 16:37:35'),
(310, 1, '103.107.123.134', NULL, 'PC', 'Firefox', 1, '2019-10-07 16:56:29', '2019-10-07 16:56:29'),
(311, 1, '103.107.123.134', NULL, 'PC', 'Firefox', 1, '2019-10-07 19:12:23', '2019-10-07 19:12:23'),
(312, 1, '103.107.123.134', NULL, 'PC', 'Firefox', 1, '2019-10-08 15:46:34', '2019-10-08 15:46:34'),
(313, 1, '103.107.123.134', NULL, 'PC', 'Firefox', 1, '2019-10-08 18:20:49', '2019-10-08 18:20:49'),
(314, 1, '103.107.123.134', NULL, 'PC', 'Firefox', 1, '2019-10-09 16:54:14', '2019-10-09 16:54:14'),
(315, 1, '103.107.123.134', NULL, 'PC', 'Firefox', 1, '2019-10-10 17:31:28', '2019-10-10 17:31:28'),
(316, 1, '103.107.123.134', NULL, 'PC', 'Firefox', 1, '2019-10-11 15:32:31', '2019-10-11 15:32:31'),
(317, 1, '103.107.123.134', NULL, 'PC', 'Firefox', 1, '2019-10-11 22:51:26', '2019-10-11 22:51:26'),
(318, 1, '180.92.226.130', NULL, 'PC', 'Firefox', 1, '2019-10-12 01:50:03', '2019-10-12 01:50:03'),
(319, 1, '116.58.205.204', NULL, 'Mobile', 'Chrome', 1, '2019-10-12 12:23:34', '2019-10-12 12:23:34'),
(320, 1, '103.67.156.213', NULL, 'PC', 'Firefox', 1, '2019-10-12 15:00:27', '2019-10-12 15:00:27'),
(321, 1, '103.107.123.134', NULL, 'PC', 'Firefox', 1, '2019-10-12 15:42:56', '2019-10-12 15:42:56'),
(322, 1, '116.58.201.43', NULL, 'PC', 'Firefox', 1, '2019-10-12 17:38:15', '2019-10-12 17:38:15'),
(323, 1, '103.107.123.134', NULL, 'PC', 'Firefox', 1, '2019-10-13 17:26:29', '2019-10-13 17:26:29'),
(324, 1, '103.107.123.134', NULL, 'PC', 'Firefox', 1, '2019-10-13 22:23:02', '2019-10-13 22:23:02'),
(325, 1, '103.107.123.134', NULL, 'PC', 'Firefox', 1, '2019-10-14 16:05:44', '2019-10-14 16:05:44'),
(326, 1, '103.107.123.134', NULL, 'PC', 'Firefox', 1, '2019-10-15 17:45:35', '2019-10-15 17:45:35'),
(327, 1, '103.107.123.134', NULL, 'PC', 'Firefox', 1, '2019-10-15 23:19:51', '2019-10-15 23:19:51'),
(328, 1, '203.188.241.238', NULL, 'PC', 'Chrome', 1, '2019-10-16 03:54:01', '2019-10-16 03:54:01'),
(329, 1, '103.107.123.134', NULL, 'PC', 'Firefox', 1, '2019-10-16 16:55:15', '2019-10-16 16:55:15'),
(330, 1, '103.107.123.134', NULL, 'PC', 'Firefox', 1, '2019-10-16 19:47:19', '2019-10-16 19:47:19'),
(331, 1, '203.188.241.238', NULL, 'PC', 'Chrome', 1, '2019-10-17 14:18:29', '2019-10-17 14:18:29'),
(332, 1, '103.107.123.134', NULL, 'PC', 'Firefox', 1, '2019-10-17 16:15:05', '2019-10-17 16:15:05'),
(333, 1, '103.107.123.134', NULL, 'PC', 'Firefox', 1, '2019-10-17 21:43:39', '2019-10-17 21:43:39'),
(334, 1, '103.107.123.134', NULL, 'PC', 'Firefox', 1, '2019-10-18 16:40:48', '2019-10-18 16:40:48'),
(335, 1, '103.107.123.134', NULL, 'PC', 'Firefox', 1, '2019-10-19 15:32:15', '2019-10-19 15:32:15'),
(336, 1, '103.107.123.134', NULL, 'PC', 'Firefox', 1, '2019-10-19 22:34:24', '2019-10-19 22:34:24'),
(337, 1, '103.107.123.134', NULL, 'PC', 'Firefox', 1, '2019-10-20 15:15:08', '2019-10-20 15:15:08'),
(338, 1, '103.107.123.134', NULL, 'PC', 'Firefox', 1, '2019-10-20 18:01:30', '2019-10-20 18:01:30'),
(339, 1, '103.107.123.134', NULL, 'PC', 'Firefox', 1, '2019-10-21 15:23:18', '2019-10-21 15:23:18'),
(340, 1, '103.107.123.134', NULL, 'PC', 'Firefox', 1, '2019-10-22 01:33:39', '2019-10-22 01:33:39'),
(341, 1, '103.107.123.134', NULL, 'PC', 'Firefox', 1, '2019-10-22 15:31:40', '2019-10-22 15:31:40'),
(342, 1, '103.107.123.134', NULL, 'PC', 'Firefox', 1, '2019-10-23 15:44:47', '2019-10-23 15:44:47'),
(343, 1, '103.107.123.134', NULL, 'PC', 'Firefox', 1, '2019-10-24 16:35:21', '2019-10-24 16:35:21'),
(344, 1, '103.107.123.134', NULL, 'PC', 'Firefox', 1, '2019-10-25 16:50:46', '2019-10-25 16:50:46'),
(345, 1, '103.107.123.134', NULL, 'PC', 'Firefox', 1, '2019-10-26 15:29:52', '2019-10-26 15:29:52'),
(346, 1, '103.107.123.134', NULL, 'PC', 'Firefox', 1, '2019-10-27 15:53:52', '2019-10-27 15:53:52'),
(347, 1, '103.107.123.134', NULL, 'PC', 'Firefox', 1, '2019-10-28 15:20:25', '2019-10-28 15:20:25'),
(348, 1, '103.107.123.134', NULL, 'PC', 'Firefox', 1, '2019-10-29 00:33:35', '2019-10-29 00:33:35'),
(349, 1, '103.107.123.134', NULL, 'PC', 'Firefox', 1, '2019-10-29 15:55:00', '2019-10-29 15:55:00'),
(350, 1, '42.0.4.225', NULL, 'Mobile', 'Chrome', 1, '2019-10-30 02:55:33', '2019-10-30 02:55:33'),
(351, 1, '103.107.123.134', NULL, 'PC', 'Firefox', 1, '2019-10-30 15:59:37', '2019-10-30 15:59:37'),
(352, 1, '103.107.123.134', NULL, 'PC', 'Firefox', 1, '2019-10-31 16:26:43', '2019-10-31 16:26:43'),
(353, 1, '103.107.123.134', NULL, 'PC', 'Firefox', 1, '2019-10-31 22:30:45', '2019-10-31 22:30:45'),
(354, 1, '103.107.123.134', NULL, 'PC', 'Firefox', 1, '2019-11-01 16:19:37', '2019-11-01 16:19:37'),
(355, 1, '103.107.123.134', NULL, 'PC', 'Firefox', 1, '2019-11-02 15:14:24', '2019-11-02 15:14:24'),
(356, 1, '103.107.123.134', NULL, 'PC', 'Firefox', 1, '2019-11-03 16:12:33', '2019-11-03 16:12:33'),
(357, 1, '103.107.123.134', NULL, 'PC', 'Firefox', 1, '2019-11-03 20:06:52', '2019-11-03 20:06:52'),
(358, 1, '103.107.123.134', NULL, 'PC', 'Firefox', 1, '2019-11-04 00:52:55', '2019-11-04 00:52:55'),
(359, 1, '103.107.123.134', NULL, 'PC', 'Firefox', 1, '2019-11-04 18:53:52', '2019-11-04 18:53:52'),
(360, 1, '103.107.123.134', NULL, 'PC', 'Firefox', 1, '2019-11-05 17:56:16', '2019-11-05 17:56:16'),
(361, 1, '103.107.123.134', NULL, 'PC', 'Firefox', 1, '2019-11-06 00:32:04', '2019-11-06 00:32:04'),
(362, 1, '103.107.123.134', NULL, 'PC', 'Firefox', 1, '2019-11-06 16:23:30', '2019-11-06 16:23:30'),
(363, 1, '103.107.123.134', NULL, 'PC', 'Firefox', 1, '2019-11-07 17:08:28', '2019-11-07 17:08:28'),
(364, 1, '103.107.123.134', NULL, 'PC', 'Firefox', 1, '2019-11-08 17:04:43', '2019-11-08 17:04:43'),
(365, 1, '103.107.123.134', NULL, 'PC', 'Firefox', 1, '2019-11-08 22:02:46', '2019-11-08 22:02:46'),
(366, 1, '103.107.123.134', NULL, 'PC', 'Firefox', 1, '2019-11-09 16:17:22', '2019-11-09 16:17:22'),
(367, 1, '103.107.123.134', NULL, 'PC', 'Firefox', 1, '2019-11-11 16:58:14', '2019-11-11 16:58:14'),
(368, 1, '103.107.123.134', NULL, 'PC', 'Firefox', 1, '2019-11-12 00:18:26', '2019-11-12 00:18:26'),
(369, 1, '103.107.123.134', NULL, 'PC', 'Firefox', 1, '2019-11-12 16:47:38', '2019-11-12 16:47:38'),
(370, 1, '103.107.123.134', NULL, 'PC', 'Firefox', 1, '2019-11-12 23:33:21', '2019-11-12 23:33:21'),
(371, 1, '103.107.123.134', NULL, 'PC', 'Firefox', 1, '2019-11-13 16:36:41', '2019-11-13 16:36:41'),
(372, 1, '103.107.123.134', NULL, 'PC', 'Firefox', 1, '2019-11-14 17:08:36', '2019-11-14 17:08:36'),
(373, 1, '103.107.123.134', NULL, 'PC', 'Firefox', 1, '2019-11-15 17:55:03', '2019-11-15 17:55:03'),
(374, 1, '103.107.123.134', NULL, 'PC', 'Firefox', 1, '2019-11-16 16:39:30', '2019-11-16 16:39:30'),
(375, 1, '103.107.123.134', NULL, 'PC', 'Firefox', 1, '2019-11-16 20:30:07', '2019-11-16 20:30:07'),
(376, 1, '103.107.123.134', NULL, 'PC', 'Firefox', 1, '2019-11-16 21:42:51', '2019-11-16 21:42:51'),
(377, 1, '103.107.123.134', NULL, 'PC', 'Firefox', 1, '2019-11-17 16:18:29', '2019-11-17 16:18:29'),
(378, 1, '103.83.206.3', NULL, 'PC', 'Chrome', 1, '2019-11-17 20:22:50', '2019-11-17 20:22:50'),
(379, 1, '103.107.123.134', NULL, 'PC', 'Firefox', 1, '2019-11-18 18:20:36', '2019-11-18 18:20:36'),
(380, 1, '103.107.123.134', NULL, 'PC', 'Firefox', 1, '2019-11-18 23:15:40', '2019-11-18 23:15:40'),
(381, 1, '103.107.123.134', NULL, 'PC', 'Firefox', 1, '2019-11-19 16:47:33', '2019-11-19 16:47:33'),
(382, 1, '103.107.123.134', NULL, 'PC', 'Firefox', 1, '2019-11-20 00:46:03', '2019-11-20 00:46:03'),
(383, 1, '103.107.123.134', NULL, 'PC', 'Firefox', 1, '2019-11-20 16:45:09', '2019-11-20 16:45:09'),
(384, 1, '103.107.123.134', NULL, 'PC', 'Firefox', 1, '2019-11-21 16:49:53', '2019-11-21 16:49:53'),
(385, 1, '103.107.123.134', NULL, 'PC', 'Firefox', 1, '2019-11-22 00:52:03', '2019-11-22 00:52:03'),
(386, 1, '103.107.123.134', NULL, 'PC', 'Firefox', 1, '2019-11-22 17:13:25', '2019-11-22 17:13:25'),
(387, 1, '103.107.123.134', NULL, 'PC', 'Firefox', 1, '2019-11-22 22:49:45', '2019-11-22 22:49:45'),
(388, 1, '103.107.123.134', NULL, 'PC', 'Firefox', 1, '2019-11-23 16:30:13', '2019-11-23 16:30:13'),
(389, 1, '103.107.123.134', NULL, 'PC', 'Firefox', 1, '2019-11-24 17:39:37', '2019-11-24 17:39:37'),
(390, 1, '103.107.123.134', NULL, 'PC', 'Firefox', 1, '2019-11-25 02:05:49', '2019-11-25 02:05:49'),
(391, 1, '103.107.123.134', NULL, 'PC', 'Firefox', 1, '2019-11-25 19:16:21', '2019-11-25 19:16:21'),
(392, 1, '103.107.123.230', NULL, 'PC', 'Firefox', 1, '2019-11-26 19:29:33', '2019-11-26 19:29:33'),
(393, 1, '103.107.123.230', NULL, 'PC', 'Firefox', 1, '2019-11-27 01:47:41', '2019-11-27 01:47:41'),
(394, 1, '103.107.123.230', NULL, 'PC', 'Firefox', 1, '2019-11-27 16:44:52', '2019-11-27 16:44:52'),
(395, 1, '103.107.123.230', NULL, 'PC', 'Firefox', 1, '2019-11-28 17:07:44', '2019-11-28 17:07:44'),
(396, 1, '103.107.123.230', NULL, 'PC', 'Firefox', 1, '2019-11-28 22:35:59', '2019-11-28 22:35:59'),
(397, 1, '103.107.123.230', NULL, 'PC', 'Firefox', 1, '2019-11-29 17:19:58', '2019-11-29 17:19:58'),
(398, 1, '103.107.123.230', NULL, 'PC', 'Firefox', 1, '2019-11-29 23:03:41', '2019-11-29 23:03:41'),
(399, 1, '103.107.123.230', NULL, 'PC', 'Firefox', 1, '2019-11-30 17:19:19', '2019-11-30 17:19:19'),
(400, 1, '103.83.206.3', NULL, 'PC', 'Chrome', 1, '2019-11-30 22:15:24', '2019-11-30 22:15:24'),
(401, 1, '103.107.123.230', NULL, 'PC', 'Firefox', 1, '2019-12-01 17:04:42', '2019-12-01 17:04:42'),
(402, 1, '103.107.123.230', NULL, 'PC', 'Firefox', 1, '2019-12-01 23:14:13', '2019-12-01 23:14:13'),
(403, 1, '103.107.123.230', NULL, 'PC', 'Firefox', 1, '2019-12-02 17:33:53', '2019-12-02 17:33:53'),
(404, 1, '103.107.123.230', NULL, 'PC', 'Firefox', 1, '2019-12-03 21:20:26', '2019-12-03 21:20:26'),
(405, 1, '103.107.123.230', NULL, 'PC', 'Firefox', 1, '2019-12-04 16:57:07', '2019-12-04 16:57:07'),
(406, 1, '103.107.123.230', NULL, 'PC', 'Firefox', 1, '2019-12-05 00:23:06', '2019-12-05 00:23:06'),
(407, 1, '103.107.123.230', NULL, 'PC', 'Firefox', 1, '2019-12-05 16:34:33', '2019-12-05 16:34:33'),
(408, 1, '103.107.123.230', NULL, 'PC', 'Firefox', 1, '2019-12-06 00:20:47', '2019-12-06 00:20:47'),
(409, 1, '103.107.123.230', NULL, 'PC', 'Firefox', 1, '2019-12-06 16:21:09', '2019-12-06 16:21:09'),
(410, 1, '103.107.123.230', NULL, 'PC', 'Firefox', 1, '2019-12-06 23:07:51', '2019-12-06 23:07:51'),
(411, 1, '103.107.123.230', NULL, 'PC', 'Firefox', 1, '2019-12-07 03:04:01', '2019-12-07 03:04:01'),
(412, 1, '103.107.123.230', NULL, 'PC', 'Firefox', 1, '2019-12-07 18:01:11', '2019-12-07 18:01:11'),
(413, 1, '103.107.123.230', NULL, 'PC', 'Firefox', 1, '2019-12-07 23:18:52', '2019-12-07 23:18:52'),
(414, 1, '103.107.123.230', NULL, 'PC', 'Firefox', 1, '2019-12-08 16:00:12', '2019-12-08 16:00:12'),
(415, 1, '103.107.123.230', NULL, 'PC', 'Firefox', 1, '2019-12-08 23:44:58', '2019-12-08 23:44:58'),
(416, 1, '103.107.123.230', NULL, 'PC', 'Firefox', 1, '2019-12-09 16:16:06', '2019-12-09 16:16:06'),
(417, 1, '103.107.123.230', NULL, 'PC', 'Firefox', 1, '2019-12-10 02:00:33', '2019-12-10 02:00:33'),
(418, 1, '103.107.123.230', NULL, 'PC', 'Firefox', 1, '2019-12-10 16:06:07', '2019-12-10 16:06:07'),
(419, 1, '103.107.123.230', NULL, 'PC', 'Firefox', 1, '2019-12-11 16:21:57', '2019-12-11 16:21:57'),
(420, 1, '103.107.123.230', NULL, 'PC', 'Firefox', 1, '2019-12-12 16:27:48', '2019-12-12 16:27:48'),
(421, 1, '103.107.123.230', NULL, 'PC', 'Firefox', 1, '2019-12-13 16:10:07', '2019-12-13 16:10:07'),
(422, 1, '103.107.123.230', NULL, 'PC', 'Firefox', 1, '2019-12-14 16:32:45', '2019-12-14 16:32:45'),
(423, 1, '103.107.123.230', NULL, 'PC', 'Firefox', 1, '2019-12-15 16:03:55', '2019-12-15 16:03:55'),
(424, 1, '103.107.123.230', NULL, 'PC', 'Firefox', 1, '2019-12-16 16:17:59', '2019-12-16 16:17:59'),
(425, 1, '103.107.123.230', NULL, 'PC', 'Firefox', 1, '2019-12-17 16:27:59', '2019-12-17 16:27:59'),
(426, 1, '103.107.123.230', NULL, 'PC', 'Firefox', 1, '2019-12-17 22:34:21', '2019-12-17 22:34:21'),
(427, 1, '103.107.123.230', NULL, 'PC', 'Firefox', 1, '2019-12-18 02:24:47', '2019-12-18 02:24:47'),
(428, 1, '103.107.123.230', NULL, 'PC', 'Firefox', 1, '2019-12-18 16:53:45', '2019-12-18 16:53:45'),
(429, 1, '103.107.123.230', NULL, 'PC', 'Firefox', 1, '2019-12-18 23:03:08', '2019-12-18 23:03:08'),
(430, 1, '103.107.123.230', NULL, 'PC', 'Firefox', 1, '2019-12-19 16:40:16', '2019-12-19 16:40:16'),
(431, 1, '103.107.123.230', NULL, 'PC', 'Firefox', 1, '2019-12-20 16:42:19', '2019-12-20 16:42:19'),
(432, 1, '103.107.123.230', NULL, 'PC', 'Firefox', 1, '2019-12-21 16:51:23', '2019-12-21 16:51:23'),
(433, 1, '103.107.123.230', NULL, 'PC', 'Firefox', 1, '2019-12-21 19:34:01', '2019-12-21 19:34:01'),
(434, 1, '103.107.123.230', NULL, 'PC', 'Firefox', 1, '2019-12-22 16:15:01', '2019-12-22 16:15:01'),
(435, 1, '103.107.123.230', NULL, 'PC', 'Firefox', 1, '2019-12-23 18:07:34', '2019-12-23 18:07:34'),
(436, 1, '103.107.123.230', NULL, 'PC', 'Firefox', 1, '2019-12-24 01:12:22', '2019-12-24 01:12:22'),
(437, 1, '103.107.123.230', NULL, 'PC', 'Firefox', 1, '2019-12-24 17:12:53', '2019-12-24 17:12:53'),
(438, 1, '103.107.123.230', NULL, 'PC', 'Firefox', 1, '2019-12-24 23:59:18', '2019-12-24 23:59:18'),
(439, 1, '103.107.123.230', NULL, 'PC', 'Firefox', 1, '2019-12-25 16:17:29', '2019-12-25 16:17:29'),
(440, 1, '103.107.123.230', NULL, 'PC', 'Firefox', 1, '2019-12-26 16:03:48', '2019-12-26 16:03:48'),
(441, 1, '103.107.123.230', NULL, 'PC', 'Firefox', 1, '2019-12-27 16:49:08', '2019-12-27 16:49:08'),
(442, 1, '103.107.123.230', NULL, 'PC', 'Firefox', 1, '2019-12-28 17:00:29', '2019-12-28 17:00:29'),
(443, 3, '103.83.206.3', NULL, 'PC', 'Chrome', 1, '2019-12-29 16:13:17', '2019-12-29 16:13:17'),
(444, 1, '103.83.206.3', NULL, 'PC', 'Chrome', 1, '2019-12-29 16:16:08', '2019-12-29 16:16:08'),
(445, 1, '103.83.206.3', NULL, 'PC', 'Chrome', 1, '2019-12-29 16:17:46', '2019-12-29 16:17:46'),
(446, 1, '103.83.206.3', NULL, 'PC', 'Chrome', 1, '2019-12-29 16:19:47', '2019-12-29 16:19:47'),
(447, 1, '103.83.206.3', NULL, 'PC', 'Firefox', 1, '2019-12-29 19:23:21', '2019-12-29 19:23:21'),
(448, 1, '103.83.206.3', NULL, 'PC', 'Chrome', 1, '2019-12-29 19:41:39', '2019-12-29 19:41:39'),
(449, 1, '103.83.206.3', NULL, 'PC', 'Firefox', 1, '2019-12-29 19:43:43', '2019-12-29 19:43:43'),
(450, 1, '103.83.206.3', NULL, 'PC', 'Chrome', 1, '2019-12-29 19:55:26', '2019-12-29 19:55:26'),
(451, 1, '103.83.206.3', NULL, 'PC', 'Chrome', 1, '2019-12-31 14:53:29', '2019-12-31 14:53:29'),
(452, 1, '103.83.206.3', NULL, 'PC', 'Chrome', 1, '2020-01-01 14:39:39', '2020-01-01 14:39:39'),
(453, 1, '103.83.206.3', NULL, 'PC', 'Chrome', 1, '2020-01-01 16:35:08', '2020-01-01 16:35:08'),
(454, 1, '103.83.206.3', NULL, 'PC', 'Opera', 1, '2020-01-01 17:06:00', '2020-01-01 17:06:00'),
(455, 1, '103.83.206.3', NULL, 'PC', 'Chrome', 1, '2020-01-01 21:57:54', '2020-01-01 21:57:54'),
(456, 1, '103.83.206.3', NULL, 'PC', 'Opera', 1, '2020-01-01 22:07:34', '2020-01-01 22:07:34'),
(457, 1, '103.83.206.3', NULL, 'PC', 'Chrome', 1, '2020-01-01 23:16:51', '2020-01-01 23:16:51'),
(458, 1, '116.58.203.43', NULL, 'PC', 'Chrome', 1, '2020-01-02 00:03:42', '2020-01-02 00:03:42'),
(459, 1, '43.245.122.22', NULL, 'Mobile', 'Chrome', 1, '2020-01-02 00:39:59', '2020-01-02 00:39:59'),
(460, 3, '116.58.203.43', NULL, 'PC', 'Chrome', 1, '2020-01-02 01:04:20', '2020-01-02 01:04:20'),
(461, 1, '116.58.203.43', NULL, 'PC', 'Chrome', 1, '2020-01-02 01:05:02', '2020-01-02 01:05:02'),
(462, 1, '103.83.206.3', NULL, 'PC', 'Firefox', 1, '2020-01-02 14:40:38', '2020-01-02 14:40:38'),
(463, 1, '103.83.206.3', NULL, 'PC', 'Chrome', 1, '2020-01-02 14:57:40', '2020-01-02 14:57:40'),
(464, 1, '103.83.206.3', NULL, 'PC', 'Firefox', 1, '2020-01-02 23:51:39', '2020-01-02 23:51:39'),
(465, 1, '103.83.206.3', NULL, 'PC', 'Chrome', 1, '2020-01-04 14:36:29', '2020-01-04 14:36:29'),
(466, 1, '207.244.89.106', NULL, 'PC', 'Chrome', 1, '2020-01-05 19:42:52', '2020-01-05 19:42:52'),
(467, 1, '103.83.206.3', NULL, 'PC', 'Chrome', 1, '2020-01-05 20:29:31', '2020-01-05 20:29:31'),
(468, 1, '103.83.206.3', NULL, 'PC', 'Chrome', 1, '2020-01-05 22:36:17', '2020-01-05 22:36:17'),
(469, 1, '103.83.206.3', NULL, 'PC', 'Chrome', 1, '2020-01-06 14:43:11', '2020-01-06 14:43:11'),
(470, 1, '103.83.206.3', NULL, 'PC', 'Chrome', 1, '2020-01-06 16:10:32', '2020-01-06 16:10:32'),
(471, 1, '103.83.206.3', NULL, 'PC', 'Chrome', 1, '2020-01-06 20:57:34', '2020-01-06 20:57:34'),
(472, 3, '103.83.206.3', NULL, 'PC', 'Chrome', 1, '2020-01-06 22:03:04', '2020-01-06 22:03:04'),
(473, 1, '103.83.206.3', NULL, 'PC', 'Chrome', 1, '2020-01-06 22:03:38', '2020-01-06 22:03:38'),
(474, 1, '103.83.206.3', NULL, 'PC', 'Chrome', 1, '2020-01-07 14:33:16', '2020-01-07 14:33:16'),
(475, 1, '103.83.206.3', NULL, 'PC', 'Firefox', 1, '2020-01-07 15:03:22', '2020-01-07 15:03:22'),
(476, 1, '103.83.206.3', NULL, 'PC', 'Chrome', 1, '2020-01-07 22:15:43', '2020-01-07 22:15:43'),
(477, 1, '103.83.206.3', NULL, 'PC', 'Chrome', 1, '2020-01-08 14:34:22', '2020-01-08 14:34:22'),
(478, 1, '103.83.206.3', NULL, 'PC', 'Chrome', 1, '2020-01-08 23:00:31', '2020-01-08 23:00:31'),
(479, 1, '203.89.120.5', NULL, 'PC', 'Chrome', 1, '2020-01-13 19:12:42', '2020-01-13 19:12:42'),
(480, 1, '203.89.120.5', NULL, 'PC', 'Chrome', 1, '2020-01-13 20:39:32', '2020-01-13 20:39:32'),
(481, 1, '203.89.120.5', NULL, 'PC', 'Chrome', 1, '2020-01-15 15:55:02', '2020-01-15 15:55:02'),
(482, 1, '203.89.120.5', NULL, 'PC', 'Chrome', 1, '2020-01-15 16:09:00', '2020-01-15 16:09:00'),
(483, 1, '207.244.89.106', NULL, 'PC', 'Chrome', 1, '2020-01-15 23:55:02', '2020-01-15 23:55:02'),
(484, 1, '203.89.120.5', NULL, 'PC', 'Chrome', 1, '2020-01-16 14:57:29', '2020-01-16 14:57:29'),
(485, 1, '203.89.120.5', NULL, 'Mobile', 'Chrome', 1, '2020-01-16 16:12:54', '2020-01-16 16:12:54'),
(486, 1, '203.89.120.5', NULL, 'PC', 'Chrome', 1, '2020-01-16 21:17:30', '2020-01-16 21:17:30'),
(487, 1, '207.244.89.106', NULL, 'PC', 'Chrome', 1, '2020-01-16 21:45:28', '2020-01-16 21:45:28'),
(488, 1, '118.179.105.5', NULL, 'PC', 'Chrome', 1, '2020-01-20 05:52:05', '2020-01-20 05:52:05'),
(489, 1, '203.89.120.5', NULL, 'PC', 'Chrome', 1, '2020-01-22 17:03:53', '2020-01-22 17:03:53'),
(490, 1, '203.89.120.5', NULL, 'PC', 'Chrome', 1, '2020-01-23 20:10:07', '2020-01-23 20:10:07'),
(491, 1, '103.119.95.214', NULL, 'PC', 'Chrome', 1, '2020-01-23 23:24:26', '2020-01-23 23:24:26'),
(492, 1, '203.89.120.5', NULL, 'PC', 'Chrome', 1, '2020-01-25 14:43:28', '2020-01-25 14:43:28'),
(493, 1, '203.89.120.5', NULL, 'PC', 'Chrome', 1, '2020-01-25 15:16:30', '2020-01-25 15:16:30'),
(494, 1, '203.89.120.5', NULL, 'PC', 'Chrome', 1, '2020-01-25 16:59:08', '2020-01-25 16:59:08'),
(495, 1, '203.89.120.5', NULL, 'PC', 'Opera', 1, '2020-01-25 19:19:27', '2020-01-25 19:19:27'),
(496, 1, '203.89.120.5', NULL, 'PC', 'Edge', 1, '2020-01-25 20:18:01', '2020-01-25 20:18:01'),
(497, 1, '203.89.120.5', NULL, 'PC', 'Chrome', 1, '2020-01-25 20:21:05', '2020-01-25 20:21:05'),
(498, 1, '203.89.120.5', NULL, 'PC', 'Chrome', 1, '2020-01-25 20:23:03', '2020-01-25 20:23:03'),
(499, 1, '203.89.120.5', NULL, 'PC', 'Chrome', 1, '2020-01-25 20:50:09', '2020-01-25 20:50:09'),
(500, 1, '203.89.120.5', NULL, 'PC', 'Chrome', 1, '2020-01-26 14:36:03', '2020-01-26 14:36:03'),
(501, 1, '203.89.120.5', NULL, 'PC', 'Chrome', 1, '2020-01-26 14:36:03', '2020-01-26 14:36:03'),
(502, 1, '203.89.120.5', NULL, 'PC', 'Chrome', 1, '2020-01-26 14:53:33', '2020-01-26 14:53:33'),
(503, 1, '203.89.120.5', NULL, 'PC', 'Chrome', 1, '2020-01-26 17:40:09', '2020-01-26 17:40:09'),
(504, 1, '203.89.120.5', NULL, 'PC', 'Chrome', 1, '2020-01-27 00:21:52', '2020-01-27 00:21:52'),
(505, 1, '203.89.120.5', NULL, 'PC', 'Chrome', 1, '2020-01-27 14:38:45', '2020-01-27 14:38:45'),
(506, 1, '203.89.120.5', NULL, 'PC', 'Chrome', 1, '2020-01-27 15:03:27', '2020-01-27 15:03:27'),
(507, 1, '203.89.120.5', NULL, 'PC', 'Chrome', 1, '2020-01-27 15:13:57', '2020-01-27 15:13:57'),
(508, 1, '203.89.120.5', NULL, 'PC', 'Chrome', 1, '2020-01-27 15:55:49', '2020-01-27 15:55:49'),
(509, 1, '209.95.56.53', NULL, 'PC', 'Firefox', 1, '2020-01-27 17:25:57', '2020-01-27 17:25:57'),
(510, 1, '203.89.120.5', NULL, 'PC', 'Chrome', 1, '2020-01-27 17:30:30', '2020-01-27 17:30:30'),
(511, 1, '203.89.120.5', NULL, 'PC', 'Chrome', 1, '2020-01-27 20:09:37', '2020-01-27 20:09:37'),
(512, 1, '103.119.95.214', NULL, 'PC', 'Chrome', 1, '2020-01-27 22:32:37', '2020-01-27 22:32:37'),
(513, 1, '203.89.120.5', NULL, 'PC', 'Chrome', 1, '2020-01-27 23:17:12', '2020-01-27 23:17:12'),
(514, 1, '103.119.95.214', NULL, 'PC', 'Firefox', 1, '2020-01-27 23:27:19', '2020-01-27 23:27:19'),
(515, 1, '103.119.95.214', NULL, 'PC', 'Chrome', 1, '2020-01-27 23:29:05', '2020-01-27 23:29:05');
INSERT INTO `admin_access_infos` (`id`, `admin_id`, `ip`, `country`, `device`, `browser`, `status`, `created_at`, `updated_at`) VALUES
(516, 1, '103.119.95.214', NULL, 'PC', 'Chrome', 1, '2020-01-28 03:25:17', '2020-01-28 03:25:17'),
(517, 1, '203.89.120.5', NULL, 'PC', 'Chrome', 1, '2020-01-28 14:39:57', '2020-01-28 14:39:57'),
(518, 1, '103.119.95.214', NULL, 'PC', 'Chrome', 1, '2020-01-28 14:48:48', '2020-01-28 14:48:48'),
(519, 1, '103.119.95.214', NULL, 'PC', 'Chrome', 1, '2020-01-29 14:54:44', '2020-01-29 14:54:44'),
(520, 1, '203.89.120.5', NULL, 'PC', 'Chrome', 1, '2020-01-29 15:10:30', '2020-01-29 15:10:30'),
(521, 1, '103.67.157.142', NULL, 'PC', 'Chrome', 1, '2020-01-29 17:38:46', '2020-01-29 17:38:46'),
(522, 1, '103.119.95.214', NULL, 'PC', 'Chrome', 1, '2020-01-30 15:40:59', '2020-01-30 15:40:59'),
(523, 1, '103.119.95.214', NULL, 'PC', 'Chrome', 1, '2020-01-31 21:36:30', '2020-01-31 21:36:30'),
(524, 1, '103.119.95.214', NULL, 'PC', 'Chrome', 1, '2020-02-01 15:35:49', '2020-02-01 15:35:49'),
(525, 1, '103.119.95.214', NULL, 'PC', 'Chrome', 1, '2020-02-02 15:54:10', '2020-02-02 15:54:10'),
(526, 1, '203.89.120.5', NULL, 'PC', 'Chrome', 1, '2020-02-02 23:17:28', '2020-02-02 23:17:28'),
(527, 1, '203.89.120.5', NULL, 'PC', 'Firefox', 1, '2020-02-02 23:21:44', '2020-02-02 23:21:44'),
(528, 1, '203.89.120.5', NULL, 'PC', 'Chrome', 1, '2020-02-03 00:01:40', '2020-02-03 00:01:40'),
(529, 1, '203.89.120.5', NULL, 'PC', 'Chrome', 1, '2020-02-03 15:26:35', '2020-02-03 15:26:35'),
(530, 1, '103.119.95.214', NULL, 'PC', 'Chrome', 1, '2020-02-03 15:56:22', '2020-02-03 15:56:22'),
(531, 1, '203.89.120.5', NULL, 'PC', 'Chrome', 1, '2020-02-03 21:42:16', '2020-02-03 21:42:16'),
(532, 1, '203.89.120.5', NULL, 'PC', 'Chrome', 1, '2020-02-04 14:45:48', '2020-02-04 14:45:48'),
(533, 1, '103.119.95.214', NULL, 'PC', 'Chrome', 1, '2020-02-04 15:44:00', '2020-02-04 15:44:00'),
(534, 1, '103.119.95.214', NULL, 'PC', 'Chrome', 1, '2020-02-05 03:27:40', '2020-02-05 03:27:40'),
(535, 1, '203.89.120.5', NULL, 'PC', 'Chrome', 1, '2020-02-05 14:41:47', '2020-02-05 14:41:47'),
(536, 1, '103.119.95.214', NULL, 'PC', 'Chrome', 1, '2020-02-05 15:37:09', '2020-02-05 15:37:09'),
(537, 1, '203.89.120.5', NULL, 'PC', 'Chrome', 1, '2020-02-05 18:25:02', '2020-02-05 18:25:02'),
(538, 1, '203.89.120.5', NULL, 'PC', 'Chrome', 1, '2020-02-05 20:37:28', '2020-02-05 20:37:28'),
(539, 1, '203.89.120.5', NULL, 'PC', 'Chrome', 1, '2020-02-06 14:55:29', '2020-02-06 14:55:29'),
(540, 1, '103.119.95.214', NULL, 'PC', 'Chrome', 1, '2020-02-06 15:34:42', '2020-02-06 15:34:42'),
(541, 1, '203.89.120.5', NULL, 'PC', 'Chrome', 1, '2020-02-06 16:28:43', '2020-02-06 16:28:43'),
(542, 1, '203.89.120.5', NULL, 'PC', 'Chrome', 1, '2020-02-06 17:28:18', '2020-02-06 17:28:18'),
(543, 1, '203.89.120.5', NULL, 'PC', 'Chrome', 1, '2020-02-06 19:54:47', '2020-02-06 19:54:47'),
(544, 1, '103.119.95.214', NULL, 'PC', 'Chrome', 1, '2020-02-06 23:15:59', '2020-02-06 23:15:59'),
(545, 1, '103.119.95.214', NULL, 'PC', 'Chrome', 1, '2020-02-07 21:05:18', '2020-02-07 21:05:18'),
(546, 1, '203.89.120.5', NULL, 'PC', 'Chrome', 1, '2020-02-08 14:41:21', '2020-02-08 14:41:21'),
(547, 1, '103.119.95.214', NULL, 'PC', 'Chrome', 1, '2020-02-08 15:37:35', '2020-02-08 15:37:35'),
(548, 1, '203.89.120.5', NULL, 'PC', 'Chrome', 1, '2020-02-08 19:36:10', '2020-02-08 19:36:10'),
(549, 1, '203.89.120.5', NULL, 'PC', 'Chrome', 1, '2020-02-08 21:54:57', '2020-02-08 21:54:57'),
(550, 1, '103.119.95.214', NULL, 'PC', 'Chrome', 1, '2020-02-08 21:56:41', '2020-02-08 21:56:41'),
(551, 1, '203.89.120.5', NULL, 'PC', 'Chrome', 1, '2020-02-09 01:07:03', '2020-02-09 01:07:03'),
(552, 1, '103.119.95.214', NULL, 'PC', 'Chrome', 1, '2020-02-09 17:09:51', '2020-02-09 17:09:51'),
(553, 1, '103.119.95.214', NULL, 'PC', 'Chrome', 1, '2020-02-09 19:35:01', '2020-02-09 19:35:01'),
(554, 1, '103.119.95.214', NULL, 'PC', 'Chrome', 1, '2020-02-09 23:24:54', '2020-02-09 23:24:54'),
(555, 1, '103.119.95.214', NULL, 'PC', 'Chrome', 1, '2020-02-10 18:57:40', '2020-02-10 18:57:40'),
(556, 1, '103.119.95.214', NULL, 'PC', 'Chrome', 1, '2020-02-10 21:18:48', '2020-02-10 21:18:48'),
(557, 1, '103.119.95.214', NULL, 'PC', 'Chrome', 1, '2020-02-11 03:06:11', '2020-02-11 03:06:11'),
(558, 1, '103.119.95.214', NULL, 'PC', 'Chrome', 1, '2020-02-11 15:15:53', '2020-02-11 15:15:53'),
(559, 1, '103.119.95.214', NULL, 'PC', 'Chrome', 1, '2020-02-11 17:35:32', '2020-02-11 17:35:32'),
(560, 1, '103.119.95.214', NULL, 'PC', 'Chrome', 1, '2020-02-12 15:54:12', '2020-02-12 15:54:12'),
(561, 1, '203.89.120.5', NULL, 'PC', 'Chrome', 1, '2020-02-12 16:47:37', '2020-02-12 16:47:37'),
(562, 1, '103.119.95.214', NULL, 'PC', 'Chrome', 1, '2020-02-13 15:34:36', '2020-02-13 15:34:36'),
(563, 1, '103.119.95.214', NULL, 'PC', 'Chrome', 1, '2020-02-14 20:14:03', '2020-02-14 20:14:03'),
(564, 1, '103.119.95.214', NULL, 'PC', 'Chrome', 1, '2020-02-15 01:43:20', '2020-02-15 01:43:20'),
(565, 1, '103.119.95.214', NULL, 'PC', 'Chrome', 1, '2020-02-15 22:55:37', '2020-02-15 22:55:37'),
(566, 1, '103.119.95.214', NULL, 'PC', 'Chrome', 1, '2020-02-16 15:36:46', '2020-02-16 15:36:46'),
(567, 1, '103.119.95.214', NULL, 'PC', 'Chrome', 1, '2020-02-17 00:20:15', '2020-02-17 00:20:15'),
(568, 1, '103.119.95.214', NULL, 'PC', 'Chrome', 1, '2020-02-17 15:34:35', '2020-02-17 15:34:35'),
(569, 1, '103.119.95.214', NULL, 'PC', 'Chrome', 1, '2020-02-18 15:45:05', '2020-02-18 15:45:05'),
(570, 1, '103.119.95.214', NULL, 'PC', 'Chrome', 1, '2020-02-19 00:13:12', '2020-02-19 00:13:12'),
(571, 1, '103.119.95.214', NULL, 'PC', 'Chrome', 1, '2020-02-19 16:31:59', '2020-02-19 16:31:59'),
(572, 1, '103.119.95.214', NULL, 'PC', 'Chrome', 1, '2020-02-19 23:25:03', '2020-02-19 23:25:03'),
(573, 1, '203.89.120.5', NULL, 'PC', 'Firefox', 1, '2020-02-20 14:54:02', '2020-02-20 14:54:02'),
(574, 1, '203.89.120.5', NULL, 'PC', 'Firefox', 1, '2020-02-20 15:05:42', '2020-02-20 15:05:42'),
(575, 4, '203.89.120.5', NULL, 'PC', 'Firefox', 1, '2020-02-20 15:07:24', '2020-02-20 15:07:24'),
(576, 4, '203.89.120.5', NULL, 'PC', 'Firefox', 1, '2020-02-20 15:12:37', '2020-02-20 15:12:37'),
(577, 1, '103.119.95.214', NULL, 'PC', 'Chrome', 1, '2020-02-20 16:48:00', '2020-02-20 16:48:00'),
(578, 1, '203.89.120.5', NULL, 'PC', 'Firefox', 1, '2020-02-20 17:07:31', '2020-02-20 17:07:31'),
(579, 1, '103.119.95.214', NULL, 'PC', 'Chrome', 1, '2020-02-21 01:29:07', '2020-02-21 01:29:07'),
(580, 1, '103.119.95.214', NULL, 'PC', 'Chrome', 1, '2020-02-22 00:25:18', '2020-02-22 00:25:18'),
(581, 1, '103.119.95.214', NULL, 'PC', 'Chrome', 1, '2020-02-22 16:30:45', '2020-02-22 16:30:45'),
(582, 1, '103.119.95.214', NULL, 'PC', 'Chrome', 1, '2020-02-22 22:48:52', '2020-02-22 22:48:52'),
(583, 1, '103.119.95.214', NULL, 'PC', 'Chrome', 1, '2020-02-23 15:51:38', '2020-02-23 15:51:38'),
(584, 1, '103.119.95.214', NULL, 'PC', 'Chrome', 1, '2020-02-23 18:51:35', '2020-02-23 18:51:35'),
(585, 1, '27.147.206.193', NULL, 'PC', 'Chrome', 1, '2020-02-24 00:28:05', '2020-02-24 00:28:05'),
(586, 1, '103.119.95.214', NULL, 'PC', 'Chrome', 1, '2020-02-24 15:23:48', '2020-02-24 15:23:48'),
(587, 1, '103.119.95.214', NULL, 'PC', 'Chrome', 1, '2020-02-24 19:07:42', '2020-02-24 19:07:42'),
(588, 1, '103.119.95.214', NULL, 'PC', 'Chrome', 1, '2020-02-25 02:40:47', '2020-02-25 02:40:47'),
(589, 1, '103.119.95.214', NULL, 'PC', 'Chrome', 1, '2020-02-25 16:30:34', '2020-02-25 16:30:34'),
(590, 1, '103.119.95.214', NULL, 'PC', 'Chrome', 1, '2020-02-25 19:03:58', '2020-02-25 19:03:58'),
(591, 1, '103.119.95.214', NULL, 'PC', 'Chrome', 1, '2020-02-27 15:53:06', '2020-02-27 15:53:06'),
(592, 1, '103.119.95.214', NULL, 'PC', 'Chrome', 1, '2020-02-28 00:55:27', '2020-02-28 00:55:27'),
(593, 1, '203.89.120.5', NULL, 'PC', 'Chrome', 1, '2020-02-29 18:52:58', '2020-02-29 18:52:58'),
(594, 1, '203.89.120.5', NULL, 'PC', 'Chrome', 1, '2020-02-29 19:44:25', '2020-02-29 19:44:25'),
(595, 4, '203.89.120.5', NULL, 'PC', 'Firefox', 1, '2020-03-07 16:27:17', '2020-03-07 16:27:17'),
(596, 4, '203.89.120.5', NULL, 'PC', 'Firefox', 1, '2020-03-12 13:01:41', '2020-03-12 13:01:41'),
(597, 4, '203.89.120.5', NULL, 'PC', 'Chrome', 1, '2020-07-12 17:10:07', '2020-07-12 17:10:07'),
(598, 1, '203.89.120.5', NULL, 'PC', 'Chrome', 1, '2020-07-23 21:02:09', '2020-07-23 21:02:09'),
(599, 1, '45.114.86.2', NULL, 'PC', 'Chrome', 1, '2020-08-31 20:28:22', '2020-08-31 20:28:22'),
(600, 1, '27.147.190.230', NULL, 'PC', 'Chrome', 1, '2020-09-23 00:41:45', '2020-09-23 00:41:45'),
(601, 1, '27.147.190.230', NULL, 'PC', 'Chrome', 1, '2020-09-23 01:14:13', '2020-09-23 01:14:13'),
(602, 1, '203.89.120.5', NULL, 'PC', 'Chrome', 1, '2020-10-11 14:43:26', '2020-10-11 14:43:26'),
(603, 1, '203.89.120.5', NULL, 'PC', 'Chrome', 1, '2020-10-11 16:38:46', '2020-10-11 16:38:46'),
(604, 1, '180.92.226.250', NULL, 'PC', 'Chrome', 1, '2020-10-28 23:46:06', '2020-10-28 23:46:06'),
(605, 1, '203.89.120.5', NULL, 'PC', 'Chrome', 1, '2020-12-05 16:56:32', '2020-12-05 16:56:32');

-- --------------------------------------------------------

--
-- Table structure for table `brands`
--

CREATE TABLE `brands` (
  `id` int(10) UNSIGNED NOT NULL,
  `title` varchar(191) COLLATE utf8mb4_unicode_ci NOT NULL,
  `slug` varchar(191) COLLATE utf8mb4_unicode_ci NOT NULL,
  `category_id` int(10) UNSIGNED DEFAULT NULL,
  `sub_category_id` int(10) UNSIGNED DEFAULT NULL,
  `status` tinyint(3) UNSIGNED NOT NULL DEFAULT 1,
  `created_at` timestamp NULL DEFAULT NULL,
  `updated_at` timestamp NULL DEFAULT NULL
) ENGINE=InnoDB DEFAULT CHARSET=utf8mb4 COLLATE=utf8mb4_unicode_ci ROW_FORMAT=COMPACT;

-- --------------------------------------------------------

--
-- Table structure for table `categories`
--

CREATE TABLE `categories` (
  `id` int(10) UNSIGNED NOT NULL,
  `title` varchar(191) COLLATE utf8mb4_unicode_ci NOT NULL,
  `slug` varchar(191) COLLATE utf8mb4_unicode_ci NOT NULL,
  `image` varchar(191) COLLATE utf8mb4_unicode_ci DEFAULT NULL,
  `status` tinyint(3) UNSIGNED NOT NULL DEFAULT 1,
  `created_at` timestamp NULL DEFAULT NULL,
  `updated_at` timestamp NULL DEFAULT NULL
) ENGINE=InnoDB DEFAULT CHARSET=utf8mb4 COLLATE=utf8mb4_unicode_ci ROW_FORMAT=COMPACT;

--
-- Dumping data for table `categories`
--

INSERT INTO `categories` (`id`, `title`, `slug`, `image`, `status`, `created_at`, `updated_at`) VALUES
(22, 'A-Fry/Appetizer', 'fry-appetizer', 'public/images/category/1579773394.jpg', 1, '2020-01-23 20:56:34', '2020-01-27 23:56:45'),
(23, 'B-Burger', 'burger', 'public/images/category/1579776182.jpg', 1, '2020-01-23 21:43:02', '2020-01-27 23:57:42'),
(24, 'C-Sandwich', 'sandwich', 'public/images/category/1579927323.jpg', 1, '2020-01-25 15:42:03', '2020-01-27 23:57:53'),
(25, 'D-Soup', 'soup', 'public/images/category/1579948391.jpg', 1, '2020-01-25 21:33:11', '2020-01-27 23:58:01'),
(29, 'E-Noodles', 'noodles', 'public/images/category/1579950439.jpg', 1, '2020-01-25 22:07:19', '2020-01-27 23:58:18'),
(30, 'F-Pasta (Oven Back)', 'pasta-(oven-back)', 'public/images/category/1579952118.jpg', 1, '2020-01-25 22:35:18', '2020-01-27 23:58:28'),
(31, 'G-Sharma', 'sharma', 'public/images/category/1579953082.jpg', 1, '2020-01-25 22:51:22', '2020-01-27 23:58:37'),
(32, 'H-Pizza', 'pizza', 'public/images/category/1579953770.jpg', 1, '2020-01-25 23:02:50', '2020-01-27 23:58:45'),
(33, 'I-Sandwich Pizza', 'sandwich-pizza', 'public/images/category/1580014027.jpg', 1, '2020-01-26 15:47:07', '2020-01-27 23:58:56'),
(34, 'J-Salad', 'salad', 'public/images/category/1580014801.jpg', 1, '2020-01-26 16:00:01', '2020-01-27 23:59:03'),
(35, 'K-Rice', 'rice', 'public/images/category/1580015306.jpg', 1, '2020-01-26 16:08:26', '2020-01-27 23:59:11'),
(36, 'L-Indian Curry', 'ondiancurry', 'public/images/category/1580016114.jpg', 1, '2020-01-26 16:21:54', '2020-01-27 23:59:20'),
(37, 'M-Vegetable', 'vegetable', 'public/images/category/1580017435.jpg', 1, '2020-01-26 16:43:55', '2020-01-28 00:02:45'),
(38, 'N-Sizzling', 'sizzling', 'public/images/category/1580018436.jpg', 1, '2020-01-26 17:00:36', '2020-01-27 23:59:38'),
(39, 'O-Grill', 'grill', 'public/images/category/1580019252.jpg', 1, '2020-01-26 17:14:12', '2020-01-27 23:59:45'),
(40, 'P-Nan', 'nan', 'public/images/category/1580019835.jpg', 1, '2020-01-26 17:23:55', '2020-01-27 23:59:52'),
(41, 'Q-Biryani', 'biryani', 'public/images/category/1580020197.jpg', 1, '2020-01-26 17:29:57', '2020-01-28 00:00:13'),
(42, 'R-Student Package :01', 'student-package-(only-for-student)-:01', 'public/images/category/1580020635.jpg', 1, '2020-01-26 17:37:15', '2020-01-28 00:01:00'),
(43, 'S-Student Package: 02', 'student-package-(only-for-students)-:02', 'public/images/category/1580021227.jpg', 1, '2020-01-26 17:47:07', '2020-01-28 00:01:09'),
(44, 'T-Set Menu', 'set-menu', 'public/images/category/1580021562.jpg', 1, '2020-01-26 17:52:42', '2020-01-28 00:01:16'),
(45, 'U-Food Park Set Menu: 01', 'food-park-special-set-menu-:-01', 'public/images/category/1580021980.jpg', 1, '2020-01-26 17:59:40', '2020-01-28 00:50:09'),
(46, 'V-Food Park Set Menu: 02', 'food-park-special-set-menu-:-02', 'public/images/category/1580022144.jpg', 1, '2020-01-26 18:02:24', '2020-01-28 00:50:01'),
(47, 'W-Food Park Set Menu : 03', 'food-park-special-set-menu-:-03', 'public/images/category/1580023685.jpg', 1, '2020-01-26 18:28:05', '2020-01-28 00:49:53'),
(48, 'X-Drinks / Beverage', 'drinks-beverage', 'public/images/category/1580024196.jpg', 1, '2020-01-26 18:36:36', '2020-01-28 00:01:55'),
(49, 'Y-Fresh Juice', 'fresh-juice', 'public/images/category/1580026637.jpg', 1, '2020-01-26 19:17:17', '2020-01-28 00:02:03'),
(50, 'Z-Breakfast', 'z-break-fast', 'public/images/category/1580130591.jpg', 1, '2020-01-28 00:09:51', '2020-01-28 00:11:44'),
(51, 'Others', 'others', 'public/images/category/1580130802.jpg', 1, '2020-01-28 00:13:22', '2020-01-28 00:13:22');

-- --------------------------------------------------------

--
-- Table structure for table `closing_balances`
--

CREATE TABLE `closing_balances` (
  `id` int(11) NOT NULL,
  `date` date NOT NULL,
  `closing_balance` float(8,2) NOT NULL
) ENGINE=MyISAM DEFAULT CHARSET=utf8mb4 COLLATE=utf8mb4_unicode_ci;

--
-- Dumping data for table `closing_balances`
--

INSERT INTO `closing_balances` (`id`, `date`, `closing_balance`) VALUES
(4, '2020-01-25', 1400.00),
(3, '2020-01-13', 2640.00);

-- --------------------------------------------------------

--
-- Table structure for table `costs`
--

CREATE TABLE `costs` (
  `id` bigint(20) UNSIGNED NOT NULL,
  `title` varchar(191) COLLATE utf8mb4_unicode_ci DEFAULT 'General',
  `cost_field_id` int(10) UNSIGNED DEFAULT NULL,
  `cost_type` varchar(255) COLLATE utf8mb4_unicode_ci DEFAULT 'Other',
  `pickdate` date NOT NULL,
  `quantity` double(8,2) DEFAULT 1.00,
  `description` text COLLATE utf8mb4_unicode_ci DEFAULT NULL,
  `price` varchar(191) COLLATE utf8mb4_unicode_ci NOT NULL,
  `cost_by` varchar(255) COLLATE utf8mb4_unicode_ci DEFAULT NULL,
  `status` tinyint(3) UNSIGNED NOT NULL DEFAULT 1,
  `created_at` timestamp NULL DEFAULT NULL,
  `updated_at` timestamp NULL DEFAULT NULL
) ENGINE=InnoDB DEFAULT CHARSET=utf8mb4 COLLATE=utf8mb4_unicode_ci ROW_FORMAT=COMPACT;

--
-- Dumping data for table `costs`
--

INSERT INTO `costs` (`id`, `title`, `cost_field_id`, `cost_type`, `pickdate`, `quantity`, `description`, `price`, `cost_by`, `status`, `created_at`, `updated_at`) VALUES
(1, 'General', 1, 'General', '2020-01-01', 1.00, 'kjhlgh', '5000', 'gfkj', 0, '2020-01-01 17:34:44', '2020-01-28 03:12:13'),
(2, 'General', 2, 'General', '2020-01-01', 1.00, 'sfdgh', '2000', 'dgfj', 0, '2020-01-02 00:50:02', '2020-01-28 03:12:30'),
(3, 'General', 4, 'General', '2020-01-01', 1.00, 'fg', '500', 'fg', 0, '2020-01-02 00:50:21', '2020-01-28 03:12:27'),
(4, 'General', 6, 'General', '2020-01-01', 1.00, 'b', '1000', 'bb', 0, '2020-01-02 00:50:36', '2020-01-28 03:12:25'),
(5, 'General', 5, 'General', '2020-01-01', 1.00, 'a', '200', 'a', 0, '2020-01-02 01:28:39', '2020-01-28 03:12:22'),
(6, 'General', 4, 'General', '2020-01-26', 1.00, '', '100', '', 0, '2020-01-26 17:49:07', '2020-01-28 03:12:19'),
(7, 'General', 2, 'General', '2020-01-27', 1.00, 'milk', '90', 'mnkj', 0, '2020-01-28 03:12:03', '2020-01-28 03:12:16'),
(8, 'General', 2, 'General', '2020-01-27', 1.00, 'milk', '90', 'jk', 0, '2020-01-28 03:12:51', '2020-01-28 16:02:12');

-- --------------------------------------------------------

--
-- Table structure for table `cost_fields`
--

CREATE TABLE `cost_fields` (
  `id` bigint(20) UNSIGNED NOT NULL,
  `title` varchar(191) COLLATE utf8mb4_unicode_ci NOT NULL,
  `status` tinyint(3) UNSIGNED NOT NULL DEFAULT 1,
  `created_at` timestamp NULL DEFAULT NULL,
  `updated_at` timestamp NULL DEFAULT NULL
) ENGINE=InnoDB DEFAULT CHARSET=utf8mb4 COLLATE=utf8mb4_unicode_ci;

--
-- Dumping data for table `cost_fields`
--

INSERT INTO `cost_fields` (`id`, `title`, `status`, `created_at`, `updated_at`) VALUES
(1, 'Restorent Bara', 1, '2020-01-01 17:34:11', '2020-01-01 17:34:11'),
(2, 'Bazar Cost', 1, '2020-01-02 00:47:34', '2020-01-02 00:47:34'),
(3, 'Electric Bill', 1, '2020-01-02 00:47:53', '2020-01-02 00:47:53'),
(4, 'Test 1', 1, '2020-01-02 00:48:21', '2020-01-02 00:48:21'),
(5, 'Test 2', 1, '2020-01-02 00:48:28', '2020-01-02 00:48:28'),
(6, 'Internet Bill', 1, '2020-01-02 00:48:50', '2020-01-02 00:48:50');

-- --------------------------------------------------------

--
-- Table structure for table `due_collections`
--

CREATE TABLE `due_collections` (
  `id` tinyint(4) NOT NULL,
  `sale_id` int(11) NOT NULL,
  `date` date NOT NULL,
  `payment` float(8,2) NOT NULL,
  `type` varchar(192) COLLATE utf8mb4_unicode_ci DEFAULT 'due',
  `created_at` timestamp NULL DEFAULT NULL,
  `updated_at` timestamp NULL DEFAULT NULL
) ENGINE=MyISAM DEFAULT CHARSET=utf8mb4 COLLATE=utf8mb4_unicode_ci;

--
-- Dumping data for table `due_collections`
--

INSERT INTO `due_collections` (`id`, `sale_id`, `date`, `payment`, `type`, `created_at`, `updated_at`) VALUES
(1, 9, '2020-02-08', 897.00, 'due', NULL, NULL),
(2, 14, '2020-02-08', 320.00, 'due', NULL, NULL),
(3, 18, '2020-02-09', 340.00, 'due', NULL, NULL),
(4, 22, '2020-02-09', 520.00, 'sale', NULL, NULL),
(5, 23, '2020-02-10', 80.00, 'sale', NULL, NULL),
(6, 24, '2020-02-10', 80.00, 'sale', NULL, NULL),
(7, 30, '2020-02-19', 120.00, 'due', NULL, NULL),
(8, 30, '2020-02-19', 120.00, 'due', NULL, NULL),
(9, 30, '2020-02-19', 130.00, 'due', NULL, NULL),
(10, 33, '2020-07-23', 200.00, 'sale', NULL, NULL),
(11, 33, '2020-09-22', 20.00, 'due', NULL, NULL),
(12, 36, '2020-09-22', 500.00, 'due', NULL, NULL),
(13, 37, '2020-09-22', 370.00, 'sale', NULL, NULL);

-- --------------------------------------------------------

--
-- Table structure for table `employees`
--

CREATE TABLE `employees` (
  `id` bigint(20) UNSIGNED NOT NULL,
  `name` varchar(191) COLLATE utf8mb4_unicode_ci NOT NULL,
  `mobile` varchar(191) COLLATE utf8mb4_unicode_ci NOT NULL,
  `pre_address` varchar(191) COLLATE utf8mb4_unicode_ci NOT NULL,
  `per_address` varchar(191) COLLATE utf8mb4_unicode_ci NOT NULL,
  `nid_no` varchar(191) COLLATE utf8mb4_unicode_ci NOT NULL,
  `designation` varchar(191) COLLATE utf8mb4_unicode_ci NOT NULL,
  `salary` varchar(191) COLLATE utf8mb4_unicode_ci NOT NULL,
  `photo` varchar(191) COLLATE utf8mb4_unicode_ci NOT NULL,
  `status` tinyint(1) NOT NULL DEFAULT 1,
  `created_at` timestamp NULL DEFAULT NULL,
  `updated_at` timestamp NULL DEFAULT NULL
) ENGINE=InnoDB DEFAULT CHARSET=utf8mb4 COLLATE=utf8mb4_unicode_ci;

--
-- Dumping data for table `employees`
--

INSERT INTO `employees` (`id`, `name`, `mobile`, `pre_address`, `per_address`, `nid_no`, `designation`, `salary`, `photo`, `status`, `created_at`, `updated_at`) VALUES
(1, 'Rubel', '8213052932', 'dKOKZxU4qh', 'Mymensingh', 'dQ8ueCBkXd', 'y1W27pZAjZ', '223223', 'public/images/employee/1577862154.jpg', 1, NULL, '2020-01-01 18:02:50');

-- --------------------------------------------------------

--
-- Table structure for table `menus`
--

CREATE TABLE `menus` (
  `id` int(10) UNSIGNED NOT NULL,
  `menu` varchar(191) COLLATE utf8mb4_unicode_ci NOT NULL,
  `menu_bn` varchar(191) COLLATE utf8mb4_unicode_ci NOT NULL,
  `parent_id` int(10) UNSIGNED DEFAULT NULL,
  `menu_position` int(10) UNSIGNED DEFAULT NULL COMMENT '0 - Left | 1 - Top | 2 - Dropdown',
  `icon` varchar(191) COLLATE utf8mb4_unicode_ci DEFAULT NULL,
  `url` varchar(191) COLLATE utf8mb4_unicode_ci DEFAULT NULL,
  `route` varchar(191) COLLATE utf8mb4_unicode_ci DEFAULT NULL,
  `order` int(10) UNSIGNED NOT NULL,
  `status` tinyint(3) UNSIGNED NOT NULL DEFAULT 1,
  `created_at` timestamp NULL DEFAULT NULL,
  `updated_at` timestamp NULL DEFAULT NULL
) ENGINE=InnoDB DEFAULT CHARSET=utf8mb4 COLLATE=utf8mb4_unicode_ci ROW_FORMAT=COMPACT;

--
-- Dumping data for table `menus`
--

INSERT INTO `menus` (`id`, `menu`, `menu_bn`, `parent_id`, `menu_position`, `icon`, `url`, `route`, `order`, `status`, `created_at`, `updated_at`) VALUES
(1, 'Admin Settings', ' ', NULL, 0, 'fa fa-cogs', NULL, NULL, 500, 0, '2019-03-25 04:40:17', '2019-04-23 10:57:50'),
(2, 'Change Password', ' ', 1, 0, 'fa fa-cog', '/admin/change-password', 'admin.password.form', 1, 0, '2019-03-25 04:42:35', '2019-04-23 10:56:21'),
(3, 'Menu Permission', ' ', NULL, 0, 'fa fa-diamond', '/admin/role', 'admin.role.index', 499, 1, '2019-03-25 04:44:32', '2019-06-19 06:26:13'),
(4, 'Log Activity', ' ', NULL, 0, 'fa fa-history', '/admin/log', 'admin.log.index', 500, 1, '2019-03-25 04:46:37', '2019-06-19 06:25:43'),
(5, 'Assign', ' ', 108, 1, 'fa fa-pencil', '/admin/role/assign', 'admin.role.assign', 1, 1, '2019-03-25 04:48:50', '2019-04-23 00:10:19'),
(6, 'Dashboard', '', NULL, 0, 'fa fa-dashboard', '/admin', 'admin.home', 1, 1, '2019-03-25 05:02:05', '2019-03-25 05:02:05'),
(33, 'Product', '', NULL, 0, 'fa fa-archive', NULL, NULL, 140, 1, '2019-03-29 21:43:47', '2019-03-29 22:43:46'),
(34, 'Product List', ' ', 33, 0, 'fa fa-list-ul', '/admin/product', 'admin.product.index', 2, 1, '2019-03-29 21:45:03', '2019-04-21 00:07:45'),
(35, 'Add New', '  ', 33, 0, 'fa fa-plus', '/admin/product/add', 'admin.product.create', 1, 1, '2019-03-29 21:47:44', '2019-04-21 00:07:42'),
(36, 'Edit', '', 34, 1, 'fa fa-pencil', NULL, 'admin.product.edit', 2, 1, '2019-03-29 21:48:20', '2019-04-05 23:27:38'),
(37, 'Delete', '', 34, 1, 'fa fa-trash', NULL, 'admin.product.delete', 3, 1, '2019-03-29 21:49:55', '2019-04-05 23:27:26'),
(38, 'Category', '', NULL, 0, 'fa fa-pie-chart', NULL, NULL, 141, 1, '2019-03-29 21:51:15', '2019-03-30 00:11:55'),
(39, 'Category List', ' ', 38, 0, 'fa fa-list-ul', '/admin/category', 'admin.category.index', 2, 1, '2019-03-29 21:51:59', '2019-04-21 00:08:34'),
(40, 'Add New', '  ', 38, 0, 'fa fa-plus', '/admin/category/add', 'admin.category.create', 1, 1, '2019-03-29 21:52:31', '2019-04-21 00:08:29'),
(41, 'Edit', '', 39, 1, 'fa fa-pencil', NULL, 'admin.category.edit', 1, 1, '2019-03-29 21:53:02', '2019-03-29 22:55:28'),
(42, 'Delete', '', 39, 1, 'fa fa-trash', NULL, 'admin.category.delete', 2, 1, '2019-03-29 21:53:33', '2019-03-29 23:01:25'),
(82, 'Site Settings', ' ', NULL, 0, 'fa fa-sliders', '/admin/setting', 'admin.setting.index', 450, 1, '2019-04-10 22:30:44', '2019-04-11 02:33:10'),
(88, 'Sale', '', NULL, 0, 'fa fa-money', NULL, NULL, 2, 1, '2019-04-15 21:53:59', '2019-04-15 21:53:59'),
(89, 'All Sale', ' ', 88, 0, 'fa fa-list-ul', '/admin/sale', 'admin.sale.index', 2, 1, '2019-04-15 22:03:48', '2020-01-08 19:17:32'),
(90, 'New Sale', ' ', 88, 0, 'fa fa-plus', '/admin/sale/add', 'admin.sale.add', 1, 1, '2019-04-15 22:04:42', '2019-04-21 00:02:10'),
(91, 'Edit', '', 89, 1, 'fa fa-edit', NULL, 'admin.sale.edit', 2, 1, '2019-04-15 22:05:33', '2019-04-15 22:05:33'),
(92, 'Delete', '', 89, 1, 'fa fa-trash', NULL, 'admin.sale.delete', 3, 1, '2019-04-15 22:06:43', '2019-04-15 22:06:43'),
(93, 'View', '', 89, 1, 'fa fa-eye', NULL, 'admin.sale.view', 1, 1, '2019-04-16 04:13:15', '2019-04-16 04:13:15'),
(94, 'Cost', '', NULL, 0, 'fa fa-contao', NULL, NULL, 4, 1, '2019-04-17 00:05:39', '2019-04-20 22:26:08'),
(95, 'Cost List', ' ', 94, 0, 'fa fa-list-ul', '/admin/cost', 'admin.cost.index', 2, 1, '2019-04-17 00:29:35', '2019-04-17 00:29:35'),
(96, 'Add New', '  ', 94, 0, 'fa fa-plus', '/admin/cost/add', 'admin.cost.add', 1, 1, '2019-04-17 00:30:27', '2019-04-17 00:30:27'),
(97, 'Edit', '', 95, 1, 'fa fa-edit', NULL, 'admin.cost.edit', 1, 1, '2019-04-17 00:31:30', '2019-04-17 00:31:30'),
(98, 'Delete', '', 95, 1, 'fa fa-trash', NULL, 'admin.cost.delete', 2, 1, '2019-04-17 00:33:15', '2019-04-17 00:33:15'),
(99, 'View', '', 34, 1, 'fa fa-eye', NULL, 'admin.product.view', 1, 1, '2019-04-18 04:15:38', '2019-04-18 04:15:38'),
(100, 'Backup', '', NULL, 0, 'fa fa-database', '/admin/backup', 'admin.backup.index', 999, 1, '2019-04-19 03:49:55', '2019-06-19 06:27:00'),
(101, 'Action', '', 100, 0, 'fa fa-home', '/admin/backup', 'admin.backup.index', 1, 1, '2019-04-19 03:51:23', '2019-04-19 03:54:34'),
(102, 'Download', '', 101, 1, 'fa fa-download', NULL, 'admin.backup.index', 1, 1, '2019-04-19 03:52:24', '2019-04-19 03:52:24'),
(103, 'Delete', '', 101, 1, 'fa fa-trash', NULL, 'admin.backup.index', 2, 1, '2019-04-19 03:52:58', '2019-04-19 03:52:58'),
(104, 'Cost Field', ' ', 94, 2, 'fa fa-contao', '/admin/cost_field', 'admin.cost_field.index', 0, 1, '2019-04-20 22:10:13', '2019-04-23 00:03:15'),
(106, 'Edit', '', 104, 1, 'fa fa-pencil', NULL, 'admin.cost_field.edit', 1, 1, '2019-04-20 22:12:17', '2019-04-23 00:04:37'),
(107, 'Delete', '', 104, 1, 'fa fa-trash', NULL, 'admin.cost_field.delete', 2, 1, '2019-04-20 22:13:04', '2019-04-23 00:04:46'),
(108, 'Action', '', 3, 0, 'fa fa-edit', '/admin/role', 'admin.role.index', 1, 1, '2019-04-23 00:09:44', '2019-04-23 00:11:56'),
(109, 'Balance Sheet', ' ', NULL, 0, 'fa fa-money', '/admin/balance_sheet', 'admin.balance_sheet.index', 5, 1, '2019-04-23 01:03:14', '2019-04-23 01:03:14'),
(111, 'Purchase', '', NULL, 0, 'fa fa-sitemap', NULL, NULL, 3, 1, '2019-06-18 05:22:06', '2019-06-18 08:30:39'),
(112, 'Add Item', '  ', 111, 0, 'fa fa-plus', 'admin/purchase/purchase_item/add', 'admin.purchase_item.add', 4, 1, '2019-06-18 05:22:06', '2020-01-06 17:19:13'),
(113, 'Item List', ' ', 111, 0, 'fa fa-list-ul', 'admin/purchase/purchase_item', 'admin.purchase_item.index', 5, 1, '2019-06-18 05:22:06', '2020-01-06 17:19:48'),
(114, 'Edit', '', 113, 1, 'fa fa-pencil', '', 'admin.purchase_item.edit', 1, 1, '2019-06-18 05:22:06', '2019-06-18 05:22:06'),
(115, 'Delete', '', 113, 1, 'fa fa-trash', '', 'admin.purchase_item.delete', 2, 1, '2019-06-18 05:22:06', '2019-06-18 05:22:06'),
(116, 'Add Purchase', '  ', 111, 0, 'fa fa-dollar', '/admin/purchase/add', 'admin.purchase.add', 1, 1, '2019-06-18 05:33:36', '2019-06-18 08:31:04'),
(117, 'Purchase History', ' ', 111, 0, 'fa fa-history', '/admin/purchase', 'admin.purchase.index', 2, 1, '2019-06-18 08:27:34', '2019-06-18 08:27:34'),
(118, 'Edit', '', 117, 1, 'fa fa-pencil', '/admin/purchase/edit', 'admin.purchase.edit', 1, 1, '2019-06-18 09:13:12', '2019-06-18 09:13:12'),
(119, 'Delete', '', 117, 1, 'fa fa-trash', '/admin/purchase/delete', 'admin.purchase.delete', 2, 1, '2019-06-18 09:13:45', '2019-06-18 09:13:45'),
(120, 'SMS', '', NULL, 0, 'fa fa-envelope', NULL, NULL, 200, 1, NULL, NULL),
(121, 'Send', '', 120, 0, 'fa fa-comment-o', 'admin/sms/send', 'admin.sms.send', 1, 1, NULL, NULL),
(122, 'Custom', '', 120, 0, 'fa fa-indent', 'admin/sms/custom', 'admin.sms.custom', 2, 1, NULL, NULL),
(123, 'Report', '', 120, 0, 'fa fa-upload', 'admin/sms/report', 'admin.sms.report', 3, 1, NULL, NULL),
(124, 'Restore', '', 101, 1, 'fa fa-upload', '/admin/backup/restore', 'admin.backup.restore', 2, 1, '2019-07-02 20:28:12', '2019-07-02 20:28:12'),
(125, 'Employee', '', NULL, 0, 'fa fa-male', NULL, NULL, 201, 1, '2019-07-11 18:49:02', '2019-07-11 18:49:02'),
(126, 'Add New', '  ', 125, 0, 'fa fa-plus', 'admin/employee/add', 'admin.employee.add', 1, 1, '2019-07-11 18:49:02', '2019-07-11 18:49:02'),
(127, 'Employee List', ' ', 125, 0, 'fa fa-list-ul', 'admin/employee', 'admin.employee.index', 2, 1, '2019-07-11 18:49:02', '2019-07-11 18:49:02'),
(128, 'View', '', 127, 1, 'fa fa-eye', '', 'admin.employee.view', 1, 1, '2019-07-11 18:49:02', '2019-07-11 18:49:02'),
(129, 'Edit', '', 127, 1, 'fa fa-pencil', '', 'admin.employee.edit', 2, 1, '2019-07-11 18:49:02', '2019-07-11 18:49:02'),
(130, 'Delete', '', 127, 1, 'fa fa-trash', '', 'admin.employee.delete', 3, 1, '2019-07-11 18:49:02', '2019-07-11 18:49:02'),
(131, 'Report', '', NULL, 0, 'fa fa-credit-card', NULL, NULL, 202, 1, '2019-07-13 19:42:46', '2019-07-14 14:03:07'),
(132, 'Cost Report', '', 131, 0, 'fa fa-500px', '/admin/report/cost', 'admin.report.cost', 2, 1, '2019-07-14 13:56:11', '2019-07-14 15:23:53'),
(133, 'Sales Report', '', 131, 0, 'fa fa-archive', '/admin/report/sales', 'admin.report.sales', 3, 1, '2019-07-14 13:57:30', '2019-07-14 15:23:43'),
(134, 'Purchase Report', '', 131, 0, 'fa fa-puzzle-piece', '/admin/report/purchase', 'admin.report.purchase', 4, 1, '2019-07-14 13:58:36', '2019-07-14 15:23:32'),
(139, 'All Due', ' ', 148, 0, 'fa fa-asterisk', '/admin/due/list', 'admin.sale.due', 1, 1, '2020-01-02 21:01:58', '2020-01-08 19:18:01'),
(140, 'View', '', 139, 1, 'fa fa-eye', '/admin/sale/due/view', 'admin.sale.due.view', 1, 1, '2020-01-02 21:05:07', '2020-01-08 18:40:04'),
(141, 'Collect', '', 139, 1, 'fa fa-calendar', '/admin/due/transaction/collect', 'admin.due.transaction.collect', 2, 1, '2020-01-02 21:07:20', '2020-01-08 21:02:30'),
(142, 'Item Category', ' ', 111, 0, 'fa fa-gg', 'admin/purchase/purchase_item/row_material_category', 'admin.purchase_item.category', 3, 1, '2020-01-05 23:33:47', '2020-01-06 17:20:04'),
(143, 'Delete', '', 142, 1, 'fa fa-trash', 'admin/purchase/purchase_item/row_material_category/delete', 'admin.purchase_item.category.delete', 1, 1, '2020-01-06 15:46:24', '2020-01-06 16:16:13'),
(144, 'Table', '', NULL, 0, 'fa fa-table', '/admin/sale/table', 'admin.sale.table', 140, 1, '2020-01-07 22:27:20', '2020-01-07 22:27:20'),
(145, 'Delete', '', 146, 1, 'fa fa-trash-o', '/admin/sale/table/delete', 'admin.sale.table.delete', 1, 1, '2020-01-07 22:56:27', '2020-01-07 23:13:48'),
(146, 'Action', '', 144, 0, 'fa fa-trash-o', '/admin/sale/table', 'admin.sale.table', 1, 1, '2020-01-07 23:13:19', '2020-01-07 23:13:42'),
(147, 'due', '', 89, 1, 'fa fa-500px', '/admin/sale/due/collect', 'admin.sale.due.collect', 4, 1, '2020-01-08 15:26:08', '2020-01-08 15:26:08'),
(148, 'Due', '', NULL, 0, 'fa fa-calculator', NULL, NULL, 160, 1, '2020-01-08 18:24:33', '2020-01-08 18:24:33'),
(149, 'Due Collection', ' ', 148, 0, 'fa fa-credit-card', '/admin/due/transaction', 'admin.due.transaction', 2, 1, '2020-01-08 19:11:31', '2020-01-08 19:17:14'),
(150, 'Edit', '', 146, 1, 'fa fa-pencil-square-o', '/admin/sale/table/edit', 'admin.sale.table.edit', 2, 1, '2020-02-08 14:57:21', '2020-02-08 14:57:21');

-- --------------------------------------------------------

--
-- Table structure for table `migrations`
--

CREATE TABLE `migrations` (
  `id` int(10) UNSIGNED NOT NULL,
  `migration` varchar(191) COLLATE utf8mb4_unicode_ci NOT NULL,
  `batch` int(11) NOT NULL
) ENGINE=InnoDB DEFAULT CHARSET=utf8mb4 COLLATE=utf8mb4_unicode_ci ROW_FORMAT=COMPACT;

--
-- Dumping data for table `migrations`
--

INSERT INTO `migrations` (`id`, `migration`, `batch`) VALUES
(1, '2018_03_26_200821_create_admins_table', 1),
(2, '2019_03_04_084037_create_menus_table', 1),
(3, '2019_03_05_074453_create_roles_table', 1),
(4, '2019_03_06_090310_create_admin_access_infos_table', 1),
(5, '2019_03_25_140140_create_units_table', 1),
(6, '2019_03_25_140157_create_categories_table', 1),
(7, '2019_03_25_140207_create_sub_categories_table', 1),
(8, '2019_03_25_140231_create_brands_table', 1),
(9, '2019_03_25_140240_create_password_resets_table', 1),
(10, '2019_03_25_140240_create_users_table', 1),
(11, '2019_04_10_152516_create_settings_table', 1),
(12, '2019_04_15_081819_create_products_table', 1),
(13, '2019_04_15_082535_create_sales_table', 1),
(14, '2019_04_15_082553_create_sale_products_table', 1),
(15, '2019_04_15_083217_create_costs_table', 1),
(16, '2019_04_21_043538_create_cost_fields_table', 2),
(17, '2019_06_18_111635_create_purchase_items_table', 3),
(18, '2019_06_18_111935_create_purchase_histories_table', 4);

-- --------------------------------------------------------

--
-- Table structure for table `password_resets`
--

CREATE TABLE `password_resets` (
  `id` int(11) NOT NULL,
  `email` varchar(191) COLLATE utf8mb4_unicode_ci NOT NULL,
  `token` text COLLATE utf8mb4_unicode_ci NOT NULL,
  `created_at` timestamp NULL DEFAULT NULL
) ENGINE=InnoDB DEFAULT CHARSET=utf8mb4 COLLATE=utf8mb4_unicode_ci ROW_FORMAT=COMPACT;

-- --------------------------------------------------------

--
-- Table structure for table `products`
--

CREATE TABLE `products` (
  `id` bigint(20) UNSIGNED NOT NULL,
  `title` varchar(191) COLLATE utf8mb4_unicode_ci NOT NULL,
  `slug` varchar(191) COLLATE utf8mb4_unicode_ci NOT NULL,
  `category_id` int(10) DEFAULT NULL,
  `description` text COLLATE utf8mb4_unicode_ci DEFAULT NULL,
  `image` varchar(191) COLLATE utf8mb4_unicode_ci DEFAULT NULL,
  `purchase_price` varchar(191) COLLATE utf8mb4_unicode_ci DEFAULT NULL,
  `regular_sale_price` varchar(191) COLLATE utf8mb4_unicode_ci DEFAULT NULL,
  `discount` varchar(191) COLLATE utf8mb4_unicode_ci DEFAULT NULL,
  `total_sale` int(10) UNSIGNED DEFAULT 0,
  `status` tinyint(3) UNSIGNED NOT NULL DEFAULT 1,
  `created_at` timestamp NULL DEFAULT NULL,
  `updated_at` timestamp NULL DEFAULT NULL
) ENGINE=InnoDB DEFAULT CHARSET=utf8mb4 COLLATE=utf8mb4_unicode_ci ROW_FORMAT=COMPACT;

--
-- Dumping data for table `products`
--

INSERT INTO `products` (`id`, `title`, `slug`, `category_id`, `description`, `image`, `purchase_price`, `regular_sale_price`, `discount`, `total_sale`, `status`, `created_at`, `updated_at`) VALUES
(8, 'A01- Spicy French Fry (1:1)', 'a01-spicy-french-fry-(1:1)', 22, 'Spicy French Fry (1:1)', 'public/images/products/1579773599.jpg', '0', '70', '0', 0, 1, '2020-01-23 20:59:59', '2020-01-25 22:15:09'),
(9, 'A02- Crispy Fry Chicken', 'a02-crispy-fry-chicken', 22, 'Crispy Fry Chicken', 'public/images/products/1579773794.jpg', '0', '79', '0', 0, 1, '2020-01-23 21:03:14', '2020-01-25 22:15:32'),
(10, 'A03- Fry Wonthon (6 pcs)', 'a03-fry-wonthon-(6-pcs)', 22, 'Fry Wonthon (6 pcs)', 'public/images/products/1579773888.jpg', '0', '149', '0', 0, 1, '2020-01-23 21:04:48', '2020-01-25 22:15:47'),
(11, 'A04- Spicy Thai Fry Chicken (6 Pcs)', 'a04-spicy-thai-fry-chicken-(6-pcs)', 22, 'Spicy Thai Fry Chicken (6 Pcs)', 'public/images/products/1579774390.jpg', '0', '199', '0', 0, 1, '2020-01-23 21:13:10', '2020-01-25 22:16:06'),
(12, 'A05- Strips Chicken (6 Pcs)', 'a05-strips-chicken-(6-pcs)', 22, 'Strips Chicken (6 Pcs)', 'public/images/products/1579775577.jpg', '0', '199', '0', 0, 1, '2020-01-23 21:32:57', '2020-01-25 22:16:22'),
(13, 'A06- Food Park Special Wings (6 Pcs)', 'a06-food-park-special-wings-(6-pcs)', 22, 'Food Park Special Wings (6 Pcs)', 'public/images/products/1579775741.jpg', '0', '199', '0', 0, 1, '2020-01-23 21:35:41', '2020-01-25 22:16:37'),
(14, 'A07- Chicken Lollipop', 'a07-chicken-lollipop', 22, 'Chicken Lollipop', 'public/images/products/1579775832.jpg', '0', '220', '0', 0, 1, '2020-01-23 21:37:12', '2020-01-25 22:16:53'),
(15, 'A08- Prawn Tempura (6 pcs)', 'a08-prawn-tempura-(6-pcs)', 22, 'Prawn Tempura (6 pcs)', 'public/images/products/1579775940.jpg', '0', '220', '0', 0, 1, '2020-01-23 21:39:00', '2020-01-25 22:17:07'),
(16, 'A09- Fish Finger (6 Pcs)', 'a09-fish-finger-(6-pcs)', 22, 'Fish Finger (6 Pcs)', 'public/images/products/1579776020.jpg', '0', '230', '0', 0, 1, '2020-01-23 21:40:20', '2020-01-25 22:17:23'),
(17, 'B01- Chicken Burger', 'b01-chicken-burger', 23, 'd', 'public/images/products/1579776291.jpg', '0', '90', '0', 0, 1, '2020-01-23 21:44:51', '2020-01-25 20:21:49'),
(18, 'B02- Chicken BBQ Burger', 'b02-chicken-bbq-burger', 23, 's', 'public/images/products/1579776520.jpg', '0', '120', '0', 0, 1, '2020-01-23 21:48:40', '2020-01-25 20:22:06'),
(19, 'B03- Chicken Cheese Burger', 'b03-chicken-cheese-burger', 23, 'a', 'public/images/products/1579944357.jpg', '0', '150', '0', 0, 1, '2020-01-25 20:25:57', '2020-01-25 20:25:57'),
(20, 'B04- Chicken Naga Cheese Burger', 'b04-chicken-naga-cheese-burger', 23, 'a', 'public/images/products/1579944458.jpg', '0', '220', '0', 0, 1, '2020-01-25 20:27:38', '2020-01-25 20:27:38'),
(21, 'B05-BBQ Chicken Supreme Burger', 'b05-bbq-chicken-supreme-burger', 23, 'a', 'public/images/products/1579944853.jpg', '0', '199', '0', 0, 1, '2020-01-25 20:34:13', '2020-01-25 20:34:13'),
(22, 'B06-Food Park Special Chicken Burger', 'b06-food-park-special-chicken-burger', 23, 'a', 'public/images/products/1579945159.jpg', '0', '240', '0', 0, 1, '2020-01-25 20:39:19', '2020-01-25 21:05:37'),
(23, 'B07- Jumbo Burger', 'b07-jumbo-burger', 23, 'a', 'public/images/products/1579945273.jpg', '0', '169', '0', 0, 1, '2020-01-25 20:41:13', '2020-01-25 21:05:55'),
(24, 'B08- Beef Grill Burger', 'b08-beef-grill-burger', 23, 'a', 'public/images/products/1579945736.jpg', '0', '190', '0', 0, 1, '2020-01-25 20:48:56', '2020-01-25 21:06:17'),
(25, 'B09- BBQ Beef Burger', 'b09-bbq-beef-burger', 23, 'a', 'public/images/products/1579945838.jpg', '0', '199', '0', 0, 1, '2020-01-25 20:50:38', '2020-01-25 21:06:36'),
(26, 'B10- Chif Special Burger', 'b10-chif-special-burger', 23, 'a', 'public/images/products/1579946641.jpg', '0', '320', '0', 0, 1, '2020-01-25 21:04:01', '2020-01-25 21:07:01'),
(27, 'B11- Food Park Special Beef Burger', 'b11-food-park-special-beef-burger', 23, 'a', 'public/images/products/1579946938.jpg', '0', '299', '0', 0, 1, '2020-01-25 21:08:58', '2020-01-25 21:08:58'),
(28, 'B12-Chif Special Burger', 'b12-chif-special-burger', 23, 'a', 'public/images/products/1579947431.jpg', '0', '320', '0', 0, 1, '2020-01-25 21:17:11', '2020-01-25 21:28:43'),
(29, 'C01-Chiken Sandwich', 'c01-chiken-sandwich', 24, 'a', 'public/images/products/1579947548.jpg', '0', '60', '0', 0, 1, '2020-01-25 21:19:08', '2020-01-25 21:28:58'),
(30, 'C02-Club Sandwich', 'c02-club-sandwich', 24, 'a', 'public/images/products/1579948100.jpg', '0', '80', '0', 0, 1, '2020-01-25 21:28:21', '2020-01-25 21:29:17'),
(31, 'Food Park Special Sandwich', 'food-park-special-sandwich', 24, 'a', 'public/images/products/1579948320.jpg', '2', '100', '0', 0, 1, '2020-01-25 21:32:00', '2020-01-25 21:32:00'),
(32, 'D01- Vegetable Clear  Soup (1.1)', 'd01-vegetable-clear-soup-(1.1)', 25, 'a', 'public/images/products/1579948661.jpg', '0', '80', '0', 0, 1, '2020-01-25 21:37:41', '2020-01-25 21:37:41'),
(33, 'D01- Vegetable Clear Soup (1.3)', 'd01-vegetable-clear-soup-(1.3)', 25, 'a', 'public/images/products/1579948741.jpg', '0', '210', '0', 0, 1, '2020-01-25 21:39:01', '2020-01-25 21:39:01'),
(34, 'D02-Chiken Con Soup (1.1)', 'd02-chiken-con-soup-(1.1)', 25, 'a', 'public/images/products/1579948897.jpg', '0', '90', '0', 0, 1, '2020-01-25 21:41:37', '2020-01-25 21:41:37'),
(35, 'D02- Chiken Con Soup (1.3)', 'd02-chiken-con-soup-(1.3)-1', 25, 'a', 'public/images/products/1579948957.jpg', '0', '249', '0', 0, 1, '2020-01-25 21:42:37', '2020-01-25 22:05:37'),
(36, 'D03- Thai Clear Soup (1.1)', 'd03-thai-clear-soup-(1.1)', 25, 'a', 'public/images/products/1579949055.jpg', '0', '99', '0', 0, 1, '2020-01-25 21:44:15', '2020-01-25 21:47:35'),
(37, 'D03- Thai Clear Soup (1.3)', 'd03-thai-clear-soup-(1.3)', 25, 'a', 'public/images/products/1579949101.jpg', '0', '279', '0', 0, 1, '2020-01-25 21:45:01', '2020-01-25 22:05:16'),
(38, 'D04-Thi Thik Soup (1.1)', 'd04-thi-thik-soup-(1.1)', 25, 'a', 'public/images/products/1579949307.jpg', '0', '120', '0', 0, 1, '2020-01-25 21:48:27', '2020-01-25 21:49:59'),
(39, 'D04-Thai Thik Soup (1.3)', 'd04-thai-thik-soup-(1.3)-1', 25, 'a', 'public/images/products/1579949371.jpg', '0', '330', '0', 0, 1, '2020-01-25 21:49:32', '2020-01-25 22:04:44'),
(40, 'D05-Food Park Special Soup (1.1)', 'd05-food-park-special-soup-(1.1)', 25, 'Cream, Mushroom, Chiken, Prawn', 'public/images/products/1579950047.jpg', '0', '150', '0', 0, 1, '2020-01-25 22:00:47', '2020-01-25 22:00:47'),
(41, 'D05- Food Park Special (1.3)', 'd05-food-park-special-(1.3)', 25, 'Cream, Mushroom , Chiken, Prawn', 'public/images/products/1579950253.jpg', '0', '399', '0', 0, 1, '2020-01-25 22:04:13', '2020-01-25 22:04:13'),
(42, 'E01- Egg Special Noodles (1.1)', 'e01-egg-special-noodles-(1.1)', 29, 'a', 'public/images/products/1579950559.jpg', '0', '90', '0', 0, 1, '2020-01-25 22:09:19', '2020-01-25 22:09:19'),
(43, 'E01- Egg Special Noodles (1.3)', 'e01-egg-special-noodles-(1.3)', 29, 'a', 'public/images/products/1579950603.jpg', '0', '250', '0', 0, 1, '2020-01-25 22:10:03', '2020-01-25 22:10:03'),
(44, 'E02-Chicken Chaw Mein Noodles (1.1)', 'e02-chicken-chaw-mein-noodles-(1.1)', 29, 'a', 'public/images/products/1579950710.jpg', '0', '100', '0', 0, 1, '2020-01-25 22:11:50', '2020-01-25 22:11:50'),
(45, 'E02- Chicken Chaw Mein Noodles (1.3)', 'e02-chicken-chaw-mein-noodles-(1.3)', 29, 'a', 'public/images/products/1579950760.jpg', '0', '270', '0', 0, 1, '2020-01-25 22:12:40', '2020-01-25 22:12:40'),
(46, 'E03-Prawn Noodles (1.1)', 'e03-prawn-noodles-(1.1)', 29, 'a', 'public/images/products/1579951627.jpg', '0', '120', '0', 0, 1, '2020-01-25 22:27:07', '2020-01-25 22:27:07'),
(47, 'E03- Prawn Noodles (1.3)', 'e03-prawn-noodles-(1.3)', 29, 'a', 'public/images/products/1579951729.jpg', '0', '330', '0', 0, 1, '2020-01-25 22:28:49', '2020-01-25 22:28:49'),
(48, 'E04-Food Park Special Noodles (1.1)', 'e04-food-park-special-noodles-(1.1)', 29, 'garlic, onion, just veggies, egg, chicken, prawn, chili pest, spring onion, cashew nut', 'public/images/products/1579951920.jpg', '0', '150', '0', 0, 1, '2020-01-25 22:32:00', '2020-01-25 22:32:00'),
(49, 'Food Park Special Noodles (1.3)', 'food-park-special-noodles-(1.3)', 29, 'garlic, onion, just veggies, egg, chiken, prawn, chili pest, spring onion, cashew', 'public/images/products/1579952015.jpg', '0', '399', '0', 0, 1, '2020-01-25 22:33:35', '2020-01-25 22:33:35'),
(50, 'F01-Italian Pasta', 'f01-italian-pasta', 30, 'tomato sos, cheese, vasamilk, chicken best, red chili', 'public/images/products/1579952447.jpg', '0', '170', '0', 0, 1, '2020-01-25 22:40:47', '2020-01-25 22:40:47'),
(51, 'F02- Pasta Exotica', 'f02-pasta-exotica', 30, 'chicken, mushroom, capcicum, garlic, cheese, oregano', 'public/images/products/1579952671.jpg', '0', '220', '0', 0, 1, '2020-01-25 22:44:31', '2020-01-25 22:44:57'),
(52, 'F03-Pasta Europe', 'f03-pasta-europe', 30, 'Chili pest, cheese, chicken/beef, mushroome, garlic, oregano, capcium', 'public/images/products/1579952838.jpg', '0', '230', '0', 0, 1, '2020-01-25 22:47:18', '2020-01-25 22:47:18'),
(53, 'F04- Chef Special Cream pasta', 'f04-chef-special-cream-pasta', 30, 'better, garlic, onion, mushroom, master pest, chicken, black olive, oregano', 'public/images/products/1579952983.jpg', '0', '250', '0', 0, 1, '2020-01-25 22:49:43', '2020-01-25 22:49:43'),
(54, 'G01- Vegetable Sharma', 'g01-vegetable-sharma', 31, 'a', 'public/images/products/1579953213.jpg', '0', '90', '0', 0, 1, '2020-01-25 22:53:33', '2020-01-25 22:53:33'),
(55, 'G02-Chicken Sharma', 'g02-chicken-sharma', 31, 'a', 'public/images/products/1579953252.jpg', '0', '120', '0', 0, 1, '2020-01-25 22:54:12', '2020-01-25 22:54:22'),
(56, 'G03-Beef Sharma', 'g03-beef-sharma', 31, 'a', 'public/images/products/1579953338.jpg', '0', '150', '0', 0, 1, '2020-01-25 22:55:38', '2020-01-25 23:03:33'),
(57, 'G04- Food Park Special Sharma', 'g04-food-park-special-sharma', 31, 'a', 'public/images/products/1579953483.jpg', '0', '170', '0', 0, 1, '2020-01-25 22:58:03', '2020-01-25 22:58:03'),
(58, 'F05- Chef Special Sharma', 'f05-chef-special-sharma', 31, 'a', 'public/images/products/1579953656.jpg', '0', '199', '0', 0, 1, '2020-01-25 23:00:56', '2020-01-25 23:00:56'),
(59, 'H01- Tandori Special Pizza (8\")', 'h01-tandori-special-pizza-(8\")', 32, 'chili pasta, cheese, chicken, tomato, onion, hot green chili, capcicum black olive, sweet cone, oregano', 'public/images/products/1579954700.jpg', '0', '320', '0', 0, 1, '2020-01-25 23:18:20', '2020-01-25 23:18:20'),
(60, 'H01- Tandori Special pizza (10\")', 'h01-tandori-special-pizza-(10\")', 32, 'Chilli pasta, cheese, chicken, tomato, onion, hot green chili, capcicum, black olive, sweet cone, oregano', 'public/images/products/1579955027.jpg', '0', '420', '0', 0, 1, '2020-01-25 23:23:47', '2020-01-25 23:23:47'),
(61, 'H01- Tandori Special Pizza (12\")', 'h01-tandori-special-pizza-(12\")', 32, 'Chilli pasta, cheese, chicken, tomato, onion, hot green chili, capcicum, black olive, sweet cone, oregano', 'public/images/products/1579955077.jpg', '0', '510', '0', 0, 1, '2020-01-25 23:24:37', '2020-01-25 23:24:37'),
(62, 'H02-BBQ Pizza (8\")', 'h02-bbq-pizza-(8\")', 32, 'tomato pasta, rosted chicken, BBQ sos, Capcicum, chicken sasses, oregano', 'public/images/products/1580010752.jpg', '0', '350', '0', 0, 1, '2020-01-26 14:52:32', '2020-01-26 14:52:32'),
(63, 'H02- BBQ Pizza (10\")', 'h02-bbq-pizza-(10\")', 32, 'tomato pasta, rosted chicken, BBQ sos, capcium, chicken sasses, oregano', 'public/images/products/1580010846.jpg', '0', '470', '0', 0, 1, '2020-01-26 14:54:06', '2020-01-26 14:54:06'),
(64, 'H02-BBQ Pizza (12\")', 'h02-bbq-pizza-(12\")', 32, 'tomato pasta, rosted chicken, BBQ sos, capcium, chicken sasses, oregano', 'public/images/products/1580010902.jpg', '0', '510', '0', 0, 1, '2020-01-26 14:55:02', '2020-01-26 14:55:02'),
(65, 'H03- spicy indian Naga Pizza (8\")', 'h03-spicy-indian-naga-pizza-(8\")', 32, 'Chilli pasta, mozzarella, cheese, rosted chicken, green chili, onion, mushroom, capcicum, salami, oregano', 'public/images/products/1580011159.jpg', '0', '360', '0', 0, 1, '2020-01-26 14:59:19', '2020-01-26 14:59:19'),
(66, 'H03-Spicy Indian Naga Pizza (10\")', 'h03-spicy-indian-naga-pizza-(10\")', 32, 'Chilli pasta, mozzarella, cheese, rosted chicken, green chili, onion, mushroom, capcicum, salami, oregano', 'public/images/products/1580011232.jpg', '0', '470', '0', 0, 1, '2020-01-26 15:00:32', '2020-01-26 15:00:32'),
(67, 'H03-Spicy Indian Naga Pizza (12\")', 'h03-spicy-indian-naga-pizza-(12\")', 32, 'Chilli pasta, mozzarella, cheese, rosted chicken, green chili, onion, mushroom, capcicum, salami, oregano', 'public/images/products/1580011502.jpg', '0', '575', '0', 0, 1, '2020-01-26 15:05:02', '2020-01-26 15:05:02'),
(68, 'H04-Barcelona (8\")', 'h04-barcelona-(8\")', 32, 'Chilli pasta, mozzarella, cheese, rosted chicken, green chili, onion , mushroom, capcicum, oregano', 'public/images/products/1580011701.jpg', '0', '360', '0', 0, 1, '2020-01-26 15:08:21', '2020-01-26 15:08:21'),
(69, 'H04-Barcelona (10\")', 'h04-barcelona-(10\")', 32, 'Chilli pasta, mozzarella, cheese, rosted chicken, green chili, onion , mushroom, capcicum, oregano', 'public/images/products/1580011782.jpg', '0', '540', '0', 0, 1, '2020-01-26 15:09:42', '2020-01-26 15:09:42'),
(70, 'H04- Barcelona (12\")', 'h04-barcelona-(12\")', 32, 'Chilli pasta, mozzarella, cheese, rosted chicken, green chili, onion , mushroom, capcicum, oregano', 'public/images/products/1580011926.jpg', '0', '660', '0', 0, 1, '2020-01-26 15:12:06', '2020-01-26 15:12:06'),
(71, 'H05- Mexican Hot Pizza (8\")', 'h05-mexican-hot-pizza-(8\")', 32, 'tometo pasta, cheese, chicken, tomato, onion, hot green chili, onion, mushroom, capcicum, salami, oregano', 'public/images/products/1580012179.jpg', '0', '341', '0', 0, 1, '2020-01-26 15:16:19', '2020-01-26 15:16:19'),
(72, 'H05- Mexican Hot Pizza (10\")', 'h05-mexican-hot-pizza-(10\")', 32, 'tometo pasta, cheese, chicken, tomato, onion, hot green chili, onion, mushroom, capcicum, salami, oregano', 'public/images/products/1580012218.jpg', '0', '480', '0', 0, 1, '2020-01-26 15:16:58', '2020-01-26 15:16:58'),
(73, 'H05-Mexican Hot Pizza (12\")', 'h05-mexican-hot-pizza-(12\")', 32, 'tometo pasta, cheese, chicken, tomato, onion, hot green chili, onion, mushroom, capcicum, salami, oregano', 'public/images/products/1580012268.jpg', '0', '580', '0', 0, 1, '2020-01-26 15:17:48', '2020-01-26 15:17:48'),
(74, 'H06-Vegetarian pizza (8\")', 'h06-vegetarian-pizza-(8\")', 32, 'just veggies, mushroom, green papers, onion, tometo, black olive', 'public/images/products/1580012486.jpg', '0', '320', '0', 0, 1, '2020-01-26 15:21:26', '2020-01-26 15:21:26'),
(75, 'H06- Vegetarian Pizza (10\")', 'h06-vegetarian-pizza-(10\")', 32, 'just veggies, mushroom, green papers, onion, tometo, black olive', 'public/images/products/1580012575.jpg', '0', '420', '0', 0, 1, '2020-01-26 15:22:55', '2020-01-26 15:22:55'),
(76, 'H06-Vegetarian Pizza (12\")', 'h06-vegetarian-pizza-(12\")', 32, 'just veggies, mushroom, green papers, onion, tometo, black olive', 'public/images/products/1580012649.jpg', '0', '580', '0', 0, 1, '2020-01-26 15:24:09', '2020-01-26 15:24:33'),
(77, 'H07-Sea Food Lovers Pizza (8\")', 'h07-sea-food-lovers-pizza-(8\")', 32, 'Prawn, tomato pasta, cheese, red chili, black olive, mushroom, capcicum, oregano', 'public/images/products/1580013019.jpg', '0', '420', '0', 0, 1, '2020-01-26 15:30:19', '2020-01-26 15:30:19'),
(78, 'H07- Sea Food Lovers Pizza (10\")', 'h07-sea-food-lovers-pizza-(10\")', 32, 'Prawn, tomato pasta, cheese, red chili, black olive, mushroom, capcicum, oregano', 'public/images/products/1580013068.jpg', '0', '550', '0', 0, 1, '2020-01-26 15:31:08', '2020-01-26 15:31:08'),
(79, 'H07-Sea Food Lovers Pizza (12\")', 'h07-sea-food-lovers-pizza-(12\")', 32, 'Prawn, tomato pasta, cheese, red chili, black olive, mushroom, capcicum, oregano', 'public/images/products/1580013125.jpg', '0', '680', '0', 0, 1, '2020-01-26 15:32:05', '2020-01-26 15:32:05'),
(80, 'H08-Pepperoni Lovers Pizza (8\")', 'h08-pepperoni-lovers-pizza-(8\")', 32, 'Fruit, sweet cone, mozzarella, cheese, special sally, sweets mixer, others', 'public/images/products/1580013508.jpg', '0', '450', '0', 0, 1, '2020-01-26 15:38:28', '2020-01-26 15:38:28'),
(81, 'H08-Pepperoni Lovers Pizza (10\")', 'h08-pepperoni-lovers-pizza-(10\")', 32, 'Fruit, sweet cone, mozzarella, cheese, special sally, sweets mixer, others', 'public/images/products/1580013552.jpg', '0', '568', '0', 0, 1, '2020-01-26 15:39:12', '2020-01-26 15:39:12'),
(82, 'H08- Pepperoni Lovers Pizza (12\")', 'h08-pepperoni-lovers-pizza-(12\")', 32, 'Fruit, sweet cone, mozzarella, cheese, special sally, sweets mixer, others', 'public/images/products/1580013603.jpg', '0', '700', '0', 0, 1, '2020-01-26 15:40:03', '2020-01-26 15:40:03'),
(83, 'H09- Food Park Special Pizza (8\")', 'h09-food-park-special-pizza-(8\")', 32, 'tomato pure, rosted chicken/ rosted beef/ prawn, cheese, onion , mushroom, capcicum, salami, oregano, black olive, swwet cone, red chili', 'public/images/products/1580013835.jpg', '0', '399', '0', 0, 1, '2020-01-26 15:43:55', '2020-01-26 15:43:55'),
(84, 'H09- Food Park Special Pizza (10\")', 'h09-food-park-special-pizza-(10\")', 32, 'tomato pure, rosted chicken/ rosted beef/ prawn, cheese, onion , mushroom, capcicum, salami, oregano, black olive, swwet cone, red chili', 'public/images/products/1580013879.jpg', '0', '530', '0', 0, 1, '2020-01-26 15:44:39', '2020-01-26 15:44:39'),
(85, 'H09- Food Park Special Pizza (12\")', 'h09-food-park-special-pizza-(12\")', 32, 'tomato pure, rosted chicken/ rosted beef/ prawn, cheese, onion , mushroom, capcicum, salami, oregano, black olive, swwet cone, red chili', 'public/images/products/1580013918.jpg', '0', '649', '0', 0, 1, '2020-01-26 15:45:18', '2020-01-26 15:45:18'),
(86, 'I01-Chicken Sandwich Pizza (10\")', 'i01-chicken-sandwich-pizza-(10\")', 33, 'red sos, chicken, Onion, capcicum, chili, garlic, cheese', 'public/images/products/1580014120.jpg', '0', '320', '0', 0, 1, '2020-01-26 15:48:40', '2020-01-26 15:48:40'),
(87, 'I01-Chicken Sandwich Pizza (12\")', 'i01-chicken-sandwich-pizza-(12\")', 33, 'red sos, chicken, Onion, capcicum, chili, garlic, cheese', 'public/images/products/1580014172.jpg', '0', '449', '0', 0, 1, '2020-01-26 15:49:32', '2020-01-26 15:49:32'),
(88, 'I02- Food Park Special Sandwich Pizza (10\")', 'i02-food-park-special-sandwich-pizza-(10\")', 33, 'white sos, roosted chicken, onion, cheese, red chili, mushroom, tomato, black olive, garlic, oregano', 'public/images/products/1580014435.jpg', '0', '320', '0', 0, 1, '2020-01-26 15:53:55', '2020-01-26 15:53:55'),
(89, 'I02- Food Park Special Sandwich Pizza (12\")', 'i02-food-park-special-sandwich-pizza-(12\")', 33, 'white sos, roosted chicken, onion, cheese, red chili, mushroom, tomato, black olive, garlic, oregano', 'public/images/products/1580014484.jpg', '0', '499', '0', 0, 1, '2020-01-26 15:54:44', '2020-01-26 15:54:44'),
(90, 'I03- Chef Special Sandwich Pizza (10\")', 'i03-chef-special-sandwich-pizza-(10\")', 33, 'tomato pest, roosted chicken, onion, cheese, red chili, mushroom, tometo, black olive, garlic, oregano', 'public/images/products/1580014649.jpg', '0', '380', '0', 0, 1, '2020-01-26 15:57:29', '2020-01-26 15:57:29'),
(91, 'I03- Chef Special Sandwich Pizza (12\")', 'i03-chef-special-sandwich-pizza-(12\")', 33, 'tomato pest, roosted chicken, onion, cheese, red chili, mushroom, tometo, black olive, garlic, oregano', 'public/images/products/1580014733.jpg', '0', '549', '0', 0, 1, '2020-01-26 15:58:53', '2020-01-26 15:58:53'),
(92, 'J01-Chicken Cashew nut Salad (1.1)', 'j01-chicken-cashew-nut-salad-(1.1)-1', 34, 'a', 'public/images/products/1580014977.jpg', '0', '150', '0', 0, 1, '2020-01-26 16:01:15', '2020-01-26 16:02:57'),
(93, 'J01- Chicken Cashew nut Salad (1.3)', 'j01-chicken-cashew-nut-salad-(1.3)', 34, 'a', 'public/images/products/1580014964.jpg', '0', '420', '0', 0, 1, '2020-01-26 16:02:44', '2020-01-26 16:02:44'),
(94, 'J02- Chef Special Salad (1.1)', 'j02-chef-special-salad-(1.1)', 34, 'Chicken, Prawn, vegetable, cashew nut , others', 'public/images/products/1580015120.jpg', '0', '200', '0', 0, 1, '2020-01-26 16:05:20', '2020-01-26 16:05:20'),
(95, 'J02- Chef Special Salad (1.3)', 'j02-chef-special-salad-(1.3)', 34, 'Chicken, Prawn, vegetable, cashew nut , others', 'public/images/products/1580015162.jpg', '0', '580', '0', 0, 1, '2020-01-26 16:06:02', '2020-01-26 16:06:02'),
(96, 'K01- Egg Fried Rice (1.1)', 'k01-egg-fried-rice-(1.1)', 35, 'a', 'public/images/products/1580015360.jpg', '0', '70', '0', 0, 1, '2020-01-26 16:09:20', '2020-01-26 16:09:20'),
(97, 'K01- Egg Fried Rice (1.3)', 'k01-egg-fried-rice-(1.3)', 35, 'a', 'public/images/products/1580015592.jpg', '0', '199', '0', 0, 1, '2020-01-26 16:13:12', '2020-01-26 16:13:12'),
(98, 'K02- Streme Rice (1.1)', 'k02-streme-rice-(1.1)', 35, 'a', 'public/images/products/1580015630.jpg', '0', '70', '0', 0, 1, '2020-01-26 16:13:50', '2020-01-26 16:13:50'),
(99, 'K02- Streme Rice (1.3)', 'k02-streme-rice-(1.3)', 35, 'a', 'public/images/products/1580015669.jpg', '0', '199', '0', 0, 1, '2020-01-26 16:14:29', '2020-01-26 16:14:29'),
(100, 'K03-Chicken Fried Rice (1.1)', 'k03-chicken-fried-rice-(1.1)', 35, 'a', 'public/images/products/1580015775.jpg', '0', '80', '0', 0, 1, '2020-01-26 16:16:15', '2020-01-26 16:16:15'),
(101, 'K03- Chicken Fried Rice (1.3)', 'k03-chicken-fried-rice-(1.3)', 35, 'a', 'public/images/products/1580015815.jpg', '0', '220', '0', 0, 1, '2020-01-26 16:16:55', '2020-01-26 16:16:55'),
(102, 'K04- Food Park Special Fried Rice (1.1)', 'k04-food-park-special-fried-rice-(1.1)', 35, 'egg, chicken, prawn', 'public/images/products/1580016017.jpg', '0', '120', '0', 0, 1, '2020-01-26 16:20:17', '2020-01-26 16:20:17'),
(103, 'K04- Food Park Special Fried Rice (1.3)', 'k04-food-park-special-fried-rice-(1.3)', 35, 'egg, chicken, prawn', 'public/images/products/1580016051.jpg', '0', '330', '0', 0, 1, '2020-01-26 16:20:51', '2020-01-26 16:20:51'),
(104, 'L01- Chicken Chili Onion Curry (1.1)', 'l01-chicken-chili-onion-curry-(1.1)', 36, 'a', 'public/images/products/1580016306.jpg', '0', '110', '0', 0, 1, '2020-01-26 16:25:06', '2020-01-26 16:25:06'),
(105, 'L01- Chicken Chili Onion Curry (1.3)', 'l01-chicken-chili-onion-curry-(1.3)', 36, 'a', 'public/images/products/1580016337.jpg', '0', '299', '0', 0, 1, '2020-01-26 16:25:37', '2020-01-26 16:25:37'),
(106, 'L02- Chicken Masala Curry (1.1)', 'l02-chicken-masala-curry-(1.1)', 36, 'a', 'public/images/products/1580016470.jpg', '0', '120', '0', 0, 1, '2020-01-26 16:27:50', '2020-01-26 16:27:50'),
(107, 'L02- Chicken Masala Curry (1.3)', 'l02-chicken-masala-curry-(1.3)', 36, 'a', 'public/images/products/1580016495.jpg', '0', '330', '0', 0, 1, '2020-01-26 16:28:15', '2020-01-26 16:28:15'),
(108, 'L03- Prawn Masala Curry (1.1)', 'l03-prawn-masala-curry-(1.1)', 36, 'a', 'public/images/products/1580016619.jpg', '0', '150', '0', 0, 1, '2020-01-26 16:30:20', '2020-01-26 16:30:20'),
(109, 'L03- Prawn Masala Curry (1.3)', 'l03-prawn-masala-curry-(1.3)', 36, 'a', 'public/images/products/1580016645.jpg', '0', '399', '0', 0, 1, '2020-01-26 16:30:45', '2020-01-26 16:30:45'),
(110, 'L04- Chicken Malai Curry (1.1)', 'l04-chicken-malai-curry-(1.1)', 36, 'a', 'public/images/products/1580016726.jpg', '0', '150', '0', 0, 1, '2020-01-26 16:32:06', '2020-01-26 16:32:06'),
(111, 'L04- Chicken Malai Curry (1.3)', 'l04-chicken-malai-curry-(1.3)', 36, 'a', 'public/images/products/1580016754.jpg', '0', '399', '0', 0, 1, '2020-01-26 16:32:34', '2020-01-26 16:32:34'),
(112, 'L05- Chicken Handi (1.1)', 'l05-chicken-handi-(1.1)', 36, 'a', 'public/images/products/1580016858.jpg', '0', '160', '0', 0, 1, '2020-01-26 16:34:18', '2020-01-26 16:34:18'),
(113, 'L05- Chicken Handi (1.3)', 'l05-chicken-handi-(1.3)', 36, 'a', 'public/images/products/1580016882.jpg', '0', '450', '0', 0, 1, '2020-01-26 16:34:42', '2020-01-26 16:34:42'),
(114, 'L06- Mutton Curry (1.1)', 'l06-mutton-curry-(1.1)', 36, 'a', 'public/images/products/1580016949.jpg', '0', '190', '0', 0, 1, '2020-01-26 16:35:49', '2020-01-26 16:35:49'),
(115, 'L06- Mutton Curry (1.3)', 'l06-mutton-curry-(1.3)', 36, 'a', 'public/images/products/1580016973.jpg', '0', '550', '0', 0, 1, '2020-01-26 16:36:13', '2020-01-26 16:36:13'),
(116, 'L07- Vegetable Handi (1.1)', 'l07-vegetable-handi-(1.1)', 36, 'a', 'public/images/products/1580017160.jpg', '0', '100', '0', 0, 1, '2020-01-26 16:39:20', '2020-01-26 16:39:20'),
(117, 'L07- Mutton Curry (1.3)', 'l07-mutton-curry-(1.3)', 36, 'a', 'public/images/products/1580017198.jpg', '0', '280', '0', 0, 1, '2020-01-26 16:39:58', '2020-01-26 16:39:58'),
(118, 'L08- Dal Tarka (1.1)', 'l08-dal-tarka-(1.1)', 36, 'a', 'public/images/products/1580017292.jpg', '0', '80', '0', 0, 1, '2020-01-26 16:41:32', '2020-01-26 16:41:32'),
(119, 'L08- Dal Tarka (1.3)', 'l08-dal-tarka-(1.3)', 36, 'a', 'public/images/products/1580017329.jpg', '0', '220', '0', 0, 1, '2020-01-26 16:42:09', '2020-01-26 16:42:09'),
(120, 'M01- Chinese Vegetable (1.1)', 'm01-chinese-vegetable-(1.1)', 37, 'a', 'public/images/products/1580017662.jpg', '0', '70', '0', 0, 1, '2020-01-26 16:47:42', '2020-01-26 16:47:42'),
(121, 'M01- Chinese Vegetable (1.3)', 'm01-chinese-vegetable-(1.3)', 37, 'a', 'public/images/products/1580017689.jpg', '0', '180', '0', 0, 1, '2020-01-26 16:48:09', '2020-01-26 16:48:09'),
(122, 'M02- Chinese Chicken Vegetable (1.1)', 'm02-chinese-chicken-vegetable-(1.1)', 37, 'a', 'public/images/products/1580017997.jpg', '0', '80', '0', 0, 1, '2020-01-26 16:53:17', '2020-01-26 16:53:17'),
(123, 'M02- Chinese Chicken Vegetable (1.3)', 'm02-chinese-chicken-vegetable-(1.3)', 37, 'a', 'public/images/products/1580018021.jpg', '0', '220', '0', 0, 1, '2020-01-26 16:53:41', '2020-01-26 16:53:41'),
(124, 'M03- Chinese Prawn Vegetable (1.1)', 'm03-chinese-prawn-vegetable-(1.1)', 37, 'a', 'public/images/products/1580018084.jpg', '0', '100', '0', 0, 1, '2020-01-26 16:54:44', '2020-01-26 16:54:44'),
(125, 'M03- Chinese Prawn Vegetable (1.3)', 'm03-chinese-prawn-vegetable-(1.3)', 37, 'a', 'public/images/products/1580018128.jpg', '0', '280', '0', 0, 1, '2020-01-26 16:55:28', '2020-01-26 16:55:28'),
(126, 'M04- Food Park Special Vegetable (1.1)', 'm04-food-park-special-vegetable-(1.1)', 37, 'Chicken. prawn, vegetable', 'public/images/products/1580018215.jpg', '0', '150', '0', 0, 1, '2020-01-26 16:56:55', '2020-01-26 16:56:55'),
(127, 'M04- Food Park Special Vegetable (1.3)', 'm04-food-park-special-vegetable-(1.3)', 37, 'a', 'public/images/products/1580018240.jpg', '0', '420', '0', 0, 1, '2020-01-26 16:57:20', '2020-01-26 16:57:20'),
(128, 'N01-Chicken Sizzling (1.1)', 'n01-chicken-sizzling-(1.1)', 38, 'a', 'public/images/products/1580018486.jpg', '0', '199', '0', 0, 1, '2020-01-26 17:01:26', '2020-01-26 17:01:26'),
(129, 'N01-Chicken Sizzling (1.3)', 'n01-chicken-sizzling-(1.3)', 38, 'a', 'public/images/products/1580018511.jpg', '0', '499', '0', 0, 1, '2020-01-26 17:01:52', '2020-01-26 17:01:52'),
(130, 'N02-Beef Sizzling (1.1)', 'n02-beef-sizzling-(1.1)', 38, 'a', 'public/images/products/1580018561.jpg', '0', '220', '0', 0, 1, '2020-01-26 17:02:41', '2020-01-26 17:02:41'),
(131, 'N02-Beef Sizzling (1.3)', 'n02-beef-sizzling-(1.3)', 38, 'a', 'public/images/products/1580018595.jpg', '0', '599', '0', 0, 1, '2020-01-26 17:03:15', '2020-01-26 17:03:15'),
(132, 'N03- Food Park Special Sizzling (1.1)', 'n03-food-park-special-sizzling-(1.1)', 38, 'chicken, prawn, mushroom, vegetable', 'public/images/products/1580018728.jpg', '0', '250', '0', 0, 1, '2020-01-26 17:05:28', '2020-01-26 17:05:28'),
(133, 'N03- Food Park Special Sizzling (1.3)', 'n03-food-park-special-sizzling-(1.3)', 38, 'Chicken, prawn, mushroom, vegetable', 'public/images/products/1580018772.jpg', '0', '650', '0', 0, 1, '2020-01-26 17:06:12', '2020-01-26 17:06:12'),
(134, 'O01-Special Chicken Grill', 'o01-special-chicken-grill', 39, 'a', 'public/images/products/1580019349.jpg', '0', '120', '0', 0, 1, '2020-01-26 17:15:49', '2020-01-26 17:15:49'),
(135, 'O01-Special Chicken', 'o01-special-chicken', 39, 'a', 'public/images/products/1580019478.jpg', '0', '120', '0', 0, 0, '2020-01-26 17:17:58', '2020-01-26 17:18:25'),
(136, 'O02-Fish Whole Grill', 'o02-fish-whole-grill', 39, 'a', 'public/images/products/1580019536.jpg', '0', '199', '0', 0, 1, '2020-01-26 17:18:56', '2020-01-26 17:18:56'),
(137, 'O03- Chicken Tundori Body Kabab With Buter Nan', 'o03-chicken-tundori-body-kabab-with-buter-nan', 39, 'a', 'public/images/products/1580019582.jpg', '0', '199', '0', 0, 1, '2020-01-26 17:19:42', '2020-01-26 17:19:42'),
(138, 'P01- Plain Nan', 'p01-plain-nan', 40, 'a', 'public/images/products/1580019877.jpg', '0', '40', '0', 0, 1, '2020-01-26 17:24:37', '2020-01-26 17:24:37'),
(139, 'P02- Butter Nan', 'p02-butter-nan', 40, 'a', 'public/images/products/1580019907.jpg', '0', '50', '0', 0, 1, '2020-01-26 17:25:07', '2020-01-26 17:25:07'),
(140, 'P03-Garlic Nan', 'p03-garlic-nan', 40, 'a', 'public/images/products/1580019950.jpg', '0', '55', '0', 0, 1, '2020-01-26 17:25:50', '2020-01-26 17:25:50'),
(141, 'P04- Food Park Special Nan', 'p04-food-park-special-nan', 40, 'a', 'public/images/products/1580019990.jpg', '0', '80', '0', 0, 1, '2020-01-26 17:26:30', '2020-01-26 17:26:30'),
(142, 'Q01- Chicken Special Biryani (Extra Rice 50 )', 'q01-chicken-special-biryani-(extra-rice-50-)', 41, 'a', 'public/images/products/1580020263.jpg', '0', '140', '0', 0, 1, '2020-01-26 17:31:03', '2020-01-26 17:31:03'),
(143, 'Q02-Kacchi Special', 'q02-kacchi-special', 41, 'a', 'public/images/products/1580020310.jpg', '0', '180', '0', 0, 1, '2020-01-26 17:31:50', '2020-01-26 17:31:50'),
(144, 'Q03- Hydrabad Special Biryani', 'q03-hydrabad-special-biryani', 41, 'a', 'public/images/products/1580020358.jpg', '0', '250', '0', 0, 1, '2020-01-26 17:32:38', '2020-01-26 17:32:38'),
(145, 'R01-Fried Rice', 'r01-fried-rice', 42, 'a', 'public/images/products/1580020829.jpg', '0', '150', '0', 0, 1, '2020-01-26 17:40:29', '2020-01-26 17:40:29'),
(146, 'R01- Oyster vegetable', 'r01-oyster-vegetable', 42, 'a', 'public/images/products/1580020865.jpg', '0', '150', '0', 0, 1, '2020-01-26 17:41:05', '2020-01-26 17:41:05'),
(147, 'R01- Chiken fry', 'r01-chiken-fry', 42, 'a', 'public/images/products/1580020898.jpg', '0', '150', '0', 0, 1, '2020-01-26 17:41:38', '2020-01-26 17:41:38'),
(148, 'R01-salad', 'r01-salad', 42, 'a', 'public/images/products/1580020921.jpg', '0', '150', '0', 0, 1, '2020-01-26 17:42:01', '2020-01-26 17:42:01'),
(149, 'S01-Chicken Grill With Butter Nan', 's01-chicken-grill-with-butter-nan', 43, 'a', 'public/images/products/1580021270.jpg', '0', '150', '0', 0, 1, '2020-01-26 17:47:50', '2020-01-26 17:47:50'),
(150, 'S01-Chicken Grill With Garlic Nan', 's01-chicken-grill-with-garlic-nan', 43, 'a', 'public/images/products/1580021318.jpg', '0', '160', '0', 0, 1, '2020-01-26 17:48:38', '2020-01-26 17:48:38'),
(151, 'S01- Chicken Burger With Frency Fry', 's01-chicken-burger-with-frency-fry', 43, 'a', 'public/images/products/1580021361.jpg', '0', '120', '0', 0, 1, '2020-01-26 17:49:21', '2020-01-26 17:49:21'),
(152, 'T01-a. Fride Rice, B. Mix Vegetable C. Fried Chicken', 't01-a.-fride-rice,-b.-mix-vegetable-c.-fried-chicken', 44, 'a', 'public/images/products/1580021626.jpg', '0', '160', '0', 0, 1, '2020-01-26 17:53:46', '2020-01-26 17:53:46'),
(153, 'T02-a. Steam Rice b. Chinese Vegetable c. Chicken Masala', 't02-a.-steam-rice-b.-chinese-vegetable-c.-chicken-masala', 44, 'a', 'public/images/products/1580021720.jpg', '0', '180', '0', 0, 1, '2020-01-26 17:55:20', '2020-01-26 17:55:20'),
(154, 'T03- a. Fried Rice b. Mix Vegetable c. Chicken Chilli Onion', 't03-a.-fried-rice-b.-mix-vegetable-c.-chicken-chilli-onion', 44, 'a', 'public/images/products/1580021794.jpg', '0', '199', '0', 0, 1, '2020-01-26 17:56:34', '2020-01-26 17:56:34'),
(155, 'T04- a. Fried Rice b. Chicken Mongolian c. Mix Vegetable', 't04-a.-fried-rice-b.-chicken-mongolian-c.-mix-vegetable', 44, 'a', 'public/images/products/1580021860.jpg', '0', '220', '0', 0, 1, '2020-01-26 17:57:40', '2020-01-26 17:57:40'),
(156, 'U01- a. Fried Rice b. Hunan Chicken c. Oyster Vegetable d. salad', 'u01-a.-fried-rice-b.-hunan-chicken-c.-oyster-vegetable-d.-salad', 45, 'a', 'public/images/products/1580022044.jpg', '0', '250', '0', 0, 1, '2020-01-26 18:00:44', '2020-01-26 18:00:44'),
(157, 'V01- a. Fried Rice b. BBQ Chicken Wings (2 pcs) c. Prawn Sizzling d. Mix Vegetable e. Salad', 'v01-a.-fried-rice-b.-bbq-chicken-wings-(2-pcs)-c.-prawn-sizzling-d.-mix-vegetable-e.-salad', 46, 'a', 'public/images/products/1580022230.jpg', '0', '280', '0', 0, 1, '2020-01-26 18:03:50', '2020-01-26 18:03:50'),
(158, 'W01-a. Steam Rice b. Chicken jal Fry c. Chicken Grill, Oyster Vegetable e. Mix Salad', 'w01-a.-steam-rice-b.-chicken-jal-fry-c.-chicken-grill,-oyster-vegetable-e.-mix-salad', 47, 'a', 'public/images/products/1580023892.jpg', '0', '340', '0', 0, 1, '2020-01-26 18:31:32', '2020-01-26 18:31:32'),
(159, 'X01- Regular Coffee', 'x01-regular-coffee', 48, 'a', 'public/images/products/1580024232.jpg', '0', '70', '0', 0, 1, '2020-01-26 18:37:12', '2020-01-26 18:37:12'),
(160, 'X02- Espresso Coffee', 'x02-espresso-coffee', 48, 'a', 'public/images/products/1580024273.jpg', '0', '90', '0', 0, 1, '2020-01-26 18:37:53', '2020-01-26 18:37:53'),
(161, 'X03- Espresso Lovers Coffee', 'x03-espresso-lovers-coffee', 48, 'a', 'public/images/products/1580024306.jpg', '0', '120', '0', 0, 1, '2020-01-26 18:38:26', '2020-01-26 18:38:26'),
(162, 'X04- Special Cold Coffee', 'x04-special-cold-coffee', 48, 'a', 'public/images/products/1580024356.jpg', '0', '120', '0', 0, 1, '2020-01-26 18:39:16', '2020-01-26 18:39:16'),
(163, 'X05- Black Coffee', 'x05-black-coffee', 48, 'a', 'public/images/products/1580024400.jpg', '0', '60', '0', 0, 1, '2020-01-26 18:40:00', '2020-01-26 18:40:00'),
(164, 'X06- Kit Kat Milk Shake', 'x06-kit-kat-milk-shake', 48, 'a', 'public/images/products/1580025108.jpg', '0', '130', '0', 0, 1, '2020-01-26 18:51:48', '2020-01-26 18:51:48'),
(165, 'X07- Oreo Milk Shake', 'x07-oreo-milk-shake', 48, 'a', 'public/images/products/1580025153.jpg', '0', '130', '0', 0, 1, '2020-01-26 18:52:33', '2020-01-26 18:52:33'),
(166, 'X08-Strawberry Milk Shake', 'x08-strawberry-milk-shake', 48, 'a', 'public/images/products/1580025196.jpg', '0', '140', '0', 0, 1, '2020-01-26 18:53:16', '2020-01-26 18:53:16'),
(167, 'X09-Regular Lassie', 'x09-regular-lassie', 48, 'a', 'public/images/products/1580025239.jpg', '0', '90', '0', 0, 1, '2020-01-26 18:53:59', '2020-01-26 18:53:59'),
(168, 'X10-Food Park Special Straberry Lassie', 'x10-food-park-special-straberry-lassie', 48, 'a', 'public/images/products/1580025284.jpg', '0', '160', '0', 0, 1, '2020-01-26 18:54:44', '2020-01-26 18:54:44'),
(169, 'X11- Special Faluda', 'x11-special-faluda', 48, 'a', 'public/images/products/1580025324.jpg', '0', '180', '0', 0, 1, '2020-01-26 18:55:24', '2020-01-26 18:55:24'),
(170, 'X12-Special Burhani', 'x12-special-burhani', 48, 'a', 'public/images/products/1580025365.jpg', '0', '70', '0', 0, 1, '2020-01-26 18:56:05', '2020-01-26 18:56:05'),
(171, 'X13-Cold Dirnks', 'x13-cold-dirnks', 48, 'a', 'public/images/products/1580025399.jpg', '0', '20', '0', 0, 1, '2020-01-26 18:56:39', '2020-01-26 18:56:39'),
(172, 'X14-Mineral Water', 'x14-mineral-water', 48, 'a', 'public/images/products/1580025433.jpg', '0', '15', '0', 0, 1, '2020-01-26 18:57:13', '2020-01-26 18:57:13'),
(173, 'Y01- Green Mango Juice (Seasonal)', 'y01-green-mango-juice-(seasonal)', 49, 'a', 'public/images/products/1580026677.jpg', '0', '80', '0', 0, 1, '2020-01-26 19:17:57', '2020-01-26 19:17:57'),
(174, 'Y02- Pain Apple Juice (Seasonal)', 'y02-pain-apple-juice-(seasonal)', 49, 'a', 'public/images/products/1580026711.jpg', '0', '90', '0', 0, 1, '2020-01-26 19:18:31', '2020-01-26 19:18:31'),
(175, 'Y03-Lemon juice', 'y03-lemon-juice', 49, 'a', 'public/images/products/1580026750.jpg', '1', '99', '0', 0, 1, '2020-01-26 19:19:10', '2020-01-26 19:19:10'),
(176, 'Y04-Mango Juice (Seasonal)', 'y04-mango-juice-(seasonal)', 49, 'a', 'public/images/products/1580026843.jpg', '0', '130', '0', 0, 1, '2020-01-26 19:20:43', '2020-01-26 19:20:43'),
(177, 'Y05- Papaya Juice (Seasonal)', 'y05-papaya-juice-(seasonal)', 49, 'a', 'public/images/products/1580026899.jpg', '0', '150', '0', 0, 1, '2020-01-26 19:21:39', '2020-01-26 19:21:39'),
(178, 'Y06-Apple Juice', 'y06-apple-juice', 49, 'a', 'public/images/products/1580026933.jpg', '0', '150', '0', 0, 1, '2020-01-26 19:22:13', '2020-01-26 19:22:13'),
(179, 'Y07-Orange Juice', 'y07-orange-juice', 49, 'a', 'public/images/products/1580026979.jpg', '0', '160', '0', 0, 1, '2020-01-26 19:22:59', '2020-01-26 19:22:59'),
(180, 'Y08-Grape Juice', 'y08-grape-juice', 49, 'a', 'public/images/products/1580027045.jpg', '0', '200', '0', 0, 1, '2020-01-26 19:24:05', '2020-01-26 19:24:05'),
(181, 'Y09-Black Grape Juice', 'y09-black-grape-juice', 49, 'a', 'public/images/products/1580027094.jpg', '0', '250', '0', 0, 1, '2020-01-26 19:24:54', '2020-01-26 19:24:54'),
(182, 'Y10-Food Park Special Mix Juice', 'y10-food-park-special-mix-juice', 49, 'a', 'public/images/products/1580027134.jpg', '0', '220', '0', 0, 1, '2020-01-26 19:25:34', '2020-01-26 19:25:34'),
(183, 'Mineral water', 'mineral-water-1', 48, 'l\\', 'public/images/products/1580131354.jpg', '15', '22', '0', 0, 1, '2020-01-28 00:22:34', '2020-01-28 00:22:49'),
(184, 'Z01-Plain Nan', 'z01-plain-nan', 50, 'k', 'public/images/products/1580138872.jpg', '0', '40', '0', 0, 1, '2020-01-28 02:27:52', '2020-01-28 02:27:52'),
(185, 'Z02-Garlic Nan', 'z02-garlic-nan', 50, 'x', 'public/images/products/1580139384.jpg', '0', '55', '0', 0, 1, '2020-01-28 02:36:24', '2020-01-28 02:36:24'),
(186, 'Z03-Butter Nan', 'z03-butter-nan', 50, 'p', 'public/images/products/1580139922.jpg', '0', '50', '0', 0, 1, '2020-01-28 02:45:22', '2020-01-28 02:45:22'),
(187, 'X15-mineral water', 'x15-mineral-water', 48, 'p', 'public/images/products/1580186143.jpg', '0', '25', '0', 0, 1, '2020-01-28 15:35:43', '2020-01-28 15:35:43'),
(188, 'cold drink', 'cold-drink', 48, '2', 'public/images/products/1581491611.jpg', '0', '85', '0', 0, 1, '2020-02-12 18:13:31', '2020-02-12 18:13:31');

-- --------------------------------------------------------

--
-- Table structure for table `purchase_histories`
--

CREATE TABLE `purchase_histories` (
  `id` bigint(20) UNSIGNED NOT NULL,
  `voucher` varchar(20) COLLATE utf8mb4_unicode_ci NOT NULL DEFAULT '0' COMMENT 'current time',
  `purchase_item_id` int(11) NOT NULL,
  `price` varchar(191) COLLATE utf8mb4_unicode_ci NOT NULL,
  `quantity` varchar(191) COLLATE utf8mb4_unicode_ci NOT NULL,
  `unit` varchar(191) COLLATE utf8mb4_unicode_ci DEFAULT NULL,
  `purchase_date` date DEFAULT NULL,
  `description` text COLLATE utf8mb4_unicode_ci DEFAULT NULL,
  `status` tinyint(3) UNSIGNED NOT NULL DEFAULT 1,
  `created_at` timestamp NULL DEFAULT NULL,
  `updated_at` timestamp NULL DEFAULT NULL
) ENGINE=InnoDB DEFAULT CHARSET=utf8mb4 COLLATE=utf8mb4_unicode_ci;

-- --------------------------------------------------------

--
-- Table structure for table `purchase_items`
--

CREATE TABLE `purchase_items` (
  `id` bigint(20) UNSIGNED NOT NULL,
  `title` varchar(191) COLLATE utf8mb4_unicode_ci NOT NULL,
  `regular_price` varchar(191) COLLATE utf8mb4_unicode_ci NOT NULL,
  `description` text COLLATE utf8mb4_unicode_ci DEFAULT NULL,
  `r_m_cat_id` int(11) NOT NULL,
  `status` tinyint(3) UNSIGNED NOT NULL DEFAULT 1,
  `created_at` timestamp NULL DEFAULT NULL,
  `updated_at` timestamp NULL DEFAULT NULL
) ENGINE=InnoDB DEFAULT CHARSET=utf8mb4 COLLATE=utf8mb4_unicode_ci;

-- --------------------------------------------------------

--
-- Table structure for table `raw_material_categories`
--

CREATE TABLE `raw_material_categories` (
  `id` tinyint(4) NOT NULL,
  `title` varchar(192) COLLATE utf8mb4_unicode_ci NOT NULL,
  `status` int(11) NOT NULL DEFAULT 1
) ENGINE=MyISAM DEFAULT CHARSET=utf8mb4 COLLATE=utf8mb4_unicode_ci;

-- --------------------------------------------------------

--
-- Table structure for table `restaurant_tables`
--

CREATE TABLE `restaurant_tables` (
  `id` tinyint(4) NOT NULL,
  `name` varchar(192) COLLATE utf8mb4_unicode_ci NOT NULL,
  `status` int(2) NOT NULL DEFAULT 1,
  `created-at` timestamp NULL DEFAULT NULL,
  `updated_at` timestamp NULL DEFAULT NULL
) ENGINE=MyISAM DEFAULT CHARSET=utf8mb4 COLLATE=utf8mb4_unicode_ci;

--
-- Dumping data for table `restaurant_tables`
--

INSERT INTO `restaurant_tables` (`id`, `name`, `status`, `created-at`, `updated_at`) VALUES
(3, 'Table-1', 1, NULL, '2020-02-08 15:49:42'),
(4, 'Table-2', 1, NULL, '2020-02-08 15:49:53'),
(5, 'Table-3', 1, NULL, NULL),
(6, 'Table-4', 1, NULL, NULL),
(7, 'Table-5', 1, NULL, NULL),
(8, 'Table-6', 1, NULL, NULL),
(9, 'Table-7', 1, NULL, NULL),
(10, 'Table-8', 1, NULL, NULL),
(11, 'Table-9', 1, NULL, NULL),
(12, 'Table-10', 1, NULL, NULL);

-- --------------------------------------------------------

--
-- Table structure for table `roles`
--

CREATE TABLE `roles` (
  `id` int(10) UNSIGNED NOT NULL,
  `menu` text COLLATE utf8mb4_unicode_ci NOT NULL,
  `sub_menu` text COLLATE utf8mb4_unicode_ci DEFAULT NULL,
  `in_body` text COLLATE utf8mb4_unicode_ci DEFAULT NULL,
  `role` tinyint(3) UNSIGNED NOT NULL,
  `admin_id` int(10) DEFAULT NULL,
  `status` tinyint(3) UNSIGNED NOT NULL DEFAULT 1,
  `created_at` timestamp NULL DEFAULT NULL,
  `updated_at` timestamp NULL DEFAULT NULL
) ENGINE=InnoDB DEFAULT CHARSET=utf8mb4 COLLATE=utf8mb4_unicode_ci ROW_FORMAT=COMPACT;

--
-- Dumping data for table `roles`
--

INSERT INTO `roles` (`id`, `menu`, `sub_menu`, `in_body`, `role`, `admin_id`, `status`, `created_at`, `updated_at`) VALUES
(1, '[\"6\",\"88\",\"111\",\"94\",\"109\",\"33\",\"144\",\"38\",\"148\",\"120\",\"125\",\"131\",\"82\",\"3\",\"4\",\"100\"]', '[\"104\",\"101\",\"116\",\"108\",\"126\",\"121\",\"132\",\"113\",\"112\",\"133\",\"142\",\"134\",\"89\",\"117\",\"40\",\"34\",\"39\",\"35\",\"96\",\"90\",\"149\",\"95\",\"122\",\"146\",\"123\",\"127\",\"139\"]', '[\"93\",\"102\",\"124\",\"103\",\"147\",\"129\",\"92\",\"91\",\"130\",\"118\",\"41\",\"115\",\"145\",\"107\",\"99\",\"5\",\"97\",\"106\",\"98\",\"141\",\"119\",\"42\",\"143\",\"150\",\"128\",\"140\",\"114\",\"36\",\"37\"]', 1, 1, 1, '2019-04-15 03:12:29', '2020-02-08 15:04:53'),
(2, '[\"6\",\"88\",\"111\",\"94\",\"33\",\"38\"]', '[\"104\",\"40\",\"116\",\"35\",\"39\",\"96\",\"113\",\"112\",\"90\",\"117\",\"89\",\"95\",\"34\"]', '[\"93\",\"41\",\"42\",\"92\",\"36\",\"91\",\"115\",\"118\",\"119\",\"99\",\"37\",\"114\"]', 3, 3, 1, '2019-06-19 20:12:55', '2020-01-06 22:02:49');

-- --------------------------------------------------------

--
-- Table structure for table `sales`
--

CREATE TABLE `sales` (
  `id` bigint(20) UNSIGNED NOT NULL,
  `admin_id` int(10) UNSIGNED NOT NULL,
  `customer_name` varchar(191) COLLATE utf8mb4_unicode_ci DEFAULT NULL,
  `customer_mobile` varchar(191) COLLATE utf8mb4_unicode_ci DEFAULT NULL,
  `total_price` varchar(255) COLLATE utf8mb4_unicode_ci NOT NULL,
  `discount` float(10,2) DEFAULT 0.00 COMMENT 'in TK',
  `discount_2` float(10,2) NOT NULL DEFAULT 0.00 COMMENT 'in %',
  `vat` float(10,2) NOT NULL DEFAULT 0.00,
  `total_price_after_discount` float(10,2) DEFAULT NULL,
  `total_product` double(8,2) NOT NULL,
  `given_money` double(8,2) DEFAULT NULL,
  `is_order` tinyint(1) NOT NULL DEFAULT 0,
  `total_due` float NOT NULL DEFAULT 0,
  `table_no` varchar(192) COLLATE utf8mb4_unicode_ci DEFAULT NULL,
  `status` tinyint(3) UNSIGNED NOT NULL DEFAULT 1,
  `pickdate` date DEFAULT NULL,
  `created_at` timestamp NULL DEFAULT NULL,
  `updated_at` timestamp NULL DEFAULT NULL
) ENGINE=InnoDB DEFAULT CHARSET=utf8mb4 COLLATE=utf8mb4_unicode_ci ROW_FORMAT=COMPACT;

--
-- Dumping data for table `sales`
--

INSERT INTO `sales` (`id`, `admin_id`, `customer_name`, `customer_mobile`, `total_price`, `discount`, `discount_2`, `vat`, `total_price_after_discount`, `total_product`, `given_money`, `is_order`, `total_due`, `table_no`, `status`, `pickdate`, `created_at`, `updated_at`) VALUES
(1, 1, NULL, NULL, '240', 0.00, 0.00, 0.00, 240.00, 2.00, NULL, 0, 240, '9', 0, '2020-02-08', '2020-02-08 22:32:04', '2020-02-08 22:32:04'),
(2, 1, NULL, NULL, '450', 0.00, 0.00, 0.00, 450.00, 3.00, NULL, 0, 450, '10', 0, '2020-02-08', '2020-02-08 22:32:38', '2020-02-08 22:32:38'),
(3, 1, NULL, NULL, '1571', 0.00, 0.00, 0.00, 1571.00, 13.00, NULL, 0, 1571, '12', 0, '2020-02-08', '2020-02-09 00:37:21', '2020-02-09 00:37:21'),
(4, 1, NULL, NULL, '299', 0.00, 0.00, 0.00, 299.00, 1.00, NULL, 0, 299, '10', 0, '2020-02-08', '2020-02-09 00:52:39', '2020-02-09 00:52:39'),
(5, 1, NULL, NULL, '220', 0.00, 0.00, 0.00, 220.00, 1.00, 0.00, 0, 220, '6', 0, '2020-02-08', '2020-02-09 00:53:32', '2020-02-09 00:54:38'),
(6, 1, NULL, NULL, '160', 0.00, 0.00, 0.00, 160.00, 1.00, 0.00, 0, 160, '3', 0, '2020-02-08', '2020-02-09 00:55:17', '2020-02-09 00:55:33'),
(7, 1, NULL, NULL, '220', 0.00, 0.00, 0.00, 220.00, 1.00, NULL, 0, 220, '7', 0, '2020-02-08', '2020-02-09 01:00:29', '2020-02-09 01:00:29'),
(8, 1, NULL, NULL, '110', 0.00, 0.00, 0.00, 110.00, 1.00, NULL, 0, 110, '4', 0, '2020-02-08', '2020-02-09 01:01:13', '2020-02-09 01:01:13'),
(9, 1, NULL, NULL, '897', 0.00, 0.00, 0.00, 897.00, 5.00, 897.00, 0, 0, '4', 0, '2020-02-08', '2020-02-09 01:01:57', '2020-02-09 01:15:40'),
(10, 1, NULL, NULL, '348', 0.00, 0.00, 0.00, 348.00, 2.00, NULL, 0, 348, '8', 0, '2020-02-08', '2020-02-09 01:09:41', '2020-02-09 01:09:41'),
(11, 1, NULL, NULL, '160', 0.00, 0.00, 0.00, 160.00, 2.00, NULL, 0, 160, '7', 0, '2020-02-08', '2020-02-09 01:11:06', '2020-02-09 01:11:06'),
(12, 1, NULL, NULL, '348', 0.00, 0.00, 0.00, 348.00, 2.00, NULL, 0, 348, '3', 0, '2020-02-08', '2020-02-09 01:11:45', '2020-02-09 01:11:45'),
(13, 1, NULL, NULL, '350', 0.00, 0.00, 0.00, 350.00, 2.00, NULL, 0, 350, '10', 0, '2020-02-08', '2020-02-09 01:13:25', '2020-02-09 01:13:25'),
(14, 1, NULL, NULL, '320', 0.00, 0.00, 0.00, 320.00, 2.00, 320.00, 0, 0, '3', 0, '2020-02-08', '2020-02-09 01:27:21', '2020-02-09 01:28:56'),
(15, 1, NULL, NULL, '180', 0.00, 0.00, 0.00, 180.00, 2.00, NULL, 0, 180, '7', 0, '2020-02-09', '2020-02-09 17:45:53', '2020-02-09 17:45:53'),
(16, 1, NULL, NULL, '300', 0.00, 0.00, 0.00, 330.00, 2.00, 0.00, 0, 330, '6', 0, '2020-02-09', '2020-02-09 18:27:10', '2020-02-09 19:38:59'),
(17, 1, NULL, NULL, '140', 0.00, 0.00, 0.00, 140.00, 2.00, NULL, 0, 140, '6', 0, '2020-02-09', '2020-02-09 23:26:18', '2020-02-09 23:26:18'),
(18, 1, NULL, NULL, '340', 0.00, 0.00, 0.00, 340.00, 1.00, 340.00, 0, 0, '3', 0, '2020-02-09', '2020-02-09 23:28:49', '2020-02-09 23:33:38'),
(19, 1, NULL, NULL, '480', 0.00, 0.00, 0.00, 480.00, 3.00, NULL, 0, 480, '9', 0, '2020-02-09', '2020-02-09 23:59:36', '2020-02-09 23:59:36'),
(20, 1, NULL, NULL, '158', 0.00, 0.00, 0.00, 158.00, 2.00, NULL, 0, 158, '6', 0, '2020-02-09', '2020-02-10 00:10:58', '2020-02-10 00:10:58'),
(21, 1, NULL, NULL, '555', 0.00, 0.00, 0.00, 555.00, 7.00, NULL, 0, 555, '8', 0, '2020-02-09', '2020-02-10 00:16:16', '2020-02-10 00:16:16'),
(22, 1, NULL, NULL, '525', 0.00, 0.00, 0.00, 525.00, 6.00, 520.00, 0, 5, '9', 0, '2020-02-09', '2020-02-10 00:36:39', '2020-02-10 00:36:39'),
(23, 1, NULL, NULL, '80', 0.00, 0.00, 0.00, 80.00, 4.00, 80.00, 0, 0, '7', 0, '2020-02-10', '2020-02-10 22:58:57', '2020-02-10 22:58:57'),
(24, 1, NULL, NULL, '80', 0.00, 0.00, 0.00, 80.00, 4.00, 80.00, 0, 0, '7', 0, '2020-02-10', '2020-02-10 23:00:25', '2020-02-10 23:00:25'),
(25, 1, NULL, NULL, '390', 0.00, 0.00, 0.00, 390.00, 3.00, NULL, 0, 390, '3', 0, '2020-02-19', '2020-02-19 16:32:46', '2020-02-19 16:32:46'),
(26, 1, NULL, NULL, '1065', 0.00, 0.00, 0.00, 1065.00, 15.00, NULL, 0, 1065, '7', 1, '2020-02-19', '2020-02-19 16:54:00', '2020-02-19 16:54:00'),
(27, 1, NULL, NULL, '570', 70.00, 0.00, 0.00, 500.00, 3.00, NULL, 0, 500, '6', 1, '2020-02-19', '2020-02-19 17:02:17', '2020-02-19 17:02:17'),
(28, 1, NULL, NULL, '465', 50.00, 0.00, 0.00, 415.00, 6.00, NULL, 0, 415, '9', 1, '2020-02-19', '2020-02-19 19:02:01', '2020-02-19 19:02:01'),
(29, 1, NULL, NULL, '60', 0.00, 0.00, 0.00, 60.00, 1.00, NULL, 0, 60, '8', 0, '2020-02-19', '2020-02-19 19:05:36', '2020-02-19 19:05:36'),
(30, 1, NULL, NULL, '120', 140.00, 0.00, 0.00, 260.00, 2.00, 260.00, 0, 0, '8', 0, '2020-02-19', '2020-02-19 19:14:48', '2020-02-19 19:34:25'),
(31, 1, NULL, NULL, '199', 0.00, 0.00, 0.00, 199.00, 1.00, 0.00, 0, 199, '10', 1, '2020-02-19', '2020-02-19 19:20:43', '2020-02-19 19:44:08'),
(32, 1, NULL, NULL, '120', 0.00, 0.00, 0.00, 120.00, 2.00, NULL, 0, 120, '8', 1, '2020-02-19', '2020-02-19 19:40:48', '2020-02-19 19:40:48'),
(33, 1, 'Test', '01710511241', '220', 0.00, 0.00, 0.00, 220.00, 1.00, 220.00, 0, 0, '3', 1, '2020-07-23', '2020-07-23 21:03:26', '2020-09-23 00:46:45'),
(34, 1, NULL, NULL, '179', 0.00, 0.00, 0.00, 179.00, 2.00, 179.00, 0, 0, '4', 1, '2020-09-22', '2020-09-23 00:43:51', '2020-09-23 00:45:09'),
(35, 1, NULL, NULL, '498', 0.00, 0.00, 0.00, 498.00, 2.00, NULL, 0, 498, '9', 1, '2020-09-22', '2020-09-23 00:52:09', '2020-09-23 00:52:09'),
(36, 1, NULL, NULL, '480', 0.00, 0.00, 0.00, 480.00, 3.00, 500.00, 0, 0, '4', 1, '2020-09-22', '2020-09-23 00:54:08', '2020-09-23 00:54:41'),
(37, 1, 'MOTAHAR HOSSAN', '01739311388', '370', 0.00, 0.00, 0.00, 370.00, 2.00, 380.00, 0, 0, '3', 1, '2020-09-22', '2020-09-23 01:00:13', '2020-09-23 01:00:13'),
(38, 1, NULL, NULL, '90', 0.00, 0.00, 0.00, 90.00, 1.00, NULL, 0, 90, '3', 1, '2020-10-28', '2020-10-28 23:48:32', '2020-10-28 23:48:32');

-- --------------------------------------------------------

--
-- Table structure for table `sale_products`
--

CREATE TABLE `sale_products` (
  `id` bigint(20) UNSIGNED NOT NULL,
  `sale_id` int(10) UNSIGNED NOT NULL,
  `product_id` int(10) UNSIGNED NOT NULL,
  `quantity` double(8,2) NOT NULL DEFAULT 1.00,
  `price` double(8,2) NOT NULL,
  `status` tinyint(3) UNSIGNED NOT NULL DEFAULT 1,
  `created_at` timestamp NULL DEFAULT NULL,
  `updated_at` timestamp NULL DEFAULT NULL
) ENGINE=InnoDB DEFAULT CHARSET=utf8mb4 COLLATE=utf8mb4_unicode_ci ROW_FORMAT=COMPACT;

--
-- Dumping data for table `sale_products`
--

INSERT INTO `sale_products` (`id`, `sale_id`, `product_id`, `quantity`, `price`, `status`, `created_at`, `updated_at`) VALUES
(1, 1, 18, 2.00, 120.00, 1, NULL, NULL),
(2, 2, 149, 3.00, 150.00, 1, NULL, NULL),
(3, 3, 145, 1.00, 150.00, 1, NULL, NULL),
(4, 3, 157, 1.00, 280.00, 1, NULL, NULL),
(5, 3, 154, 1.00, 199.00, 1, NULL, NULL),
(6, 3, 55, 1.00, 120.00, 1, NULL, NULL),
(7, 3, 134, 4.00, 120.00, 1, NULL, NULL),
(8, 3, 141, 4.00, 80.00, 1, NULL, NULL),
(9, 3, 183, 1.00, 22.00, 1, NULL, NULL),
(10, 4, 105, 1.00, 299.00, 1, NULL, NULL),
(12, 5, 51, 1.00, 220.00, 1, NULL, NULL),
(14, 6, 150, 1.00, 160.00, 1, NULL, NULL),
(15, 7, 130, 1.00, 220.00, 1, NULL, NULL),
(16, 8, 104, 1.00, 110.00, 1, NULL, NULL),
(17, 9, 10, 1.00, 149.00, 1, NULL, NULL),
(18, 9, 9, 1.00, 79.00, 1, NULL, NULL),
(19, 9, 14, 1.00, 220.00, 1, NULL, NULL),
(20, 9, 144, 1.00, 250.00, 1, NULL, NULL),
(21, 9, 97, 1.00, 199.00, 1, NULL, NULL),
(22, 10, 10, 1.00, 149.00, 1, NULL, NULL),
(23, 10, 11, 1.00, 199.00, 1, NULL, NULL),
(24, 11, 30, 2.00, 80.00, 1, NULL, NULL),
(25, 12, 11, 1.00, 199.00, 1, NULL, NULL),
(26, 12, 10, 1.00, 149.00, 1, NULL, NULL),
(27, 13, 156, 1.00, 250.00, 1, NULL, NULL),
(28, 13, 31, 1.00, 100.00, 1, NULL, NULL),
(29, 14, 152, 2.00, 160.00, 1, NULL, NULL),
(30, 15, 17, 2.00, 90.00, 1, NULL, NULL),
(32, 16, 149, 2.00, 150.00, 1, NULL, NULL),
(33, 16, 172, 2.00, 15.00, 1, NULL, NULL),
(34, 17, 159, 2.00, 70.00, 1, NULL, NULL),
(35, 18, 158, 1.00, 340.00, 1, NULL, NULL),
(36, 19, 152, 3.00, 160.00, 1, NULL, NULL),
(37, 20, 9, 2.00, 79.00, 1, NULL, NULL),
(38, 21, 152, 3.00, 160.00, 1, NULL, NULL),
(39, 21, 172, 1.00, 15.00, 1, NULL, NULL),
(40, 21, 171, 3.00, 20.00, 1, NULL, NULL),
(41, 22, 152, 3.00, 160.00, 1, NULL, NULL),
(42, 22, 172, 3.00, 15.00, 1, NULL, NULL),
(43, 23, 171, 4.00, 20.00, 1, NULL, NULL),
(44, 24, 171, 4.00, 20.00, 1, NULL, NULL),
(45, 25, 144, 1.00, 250.00, 1, NULL, NULL),
(46, 25, 170, 2.00, 70.00, 1, NULL, NULL),
(47, 26, 145, 6.00, 150.00, 1, NULL, NULL),
(48, 26, 171, 6.00, 20.00, 1, NULL, NULL),
(49, 26, 172, 3.00, 15.00, 1, NULL, NULL),
(50, 27, 84, 1.00, 530.00, 1, NULL, NULL),
(51, 27, 171, 2.00, 20.00, 1, NULL, NULL),
(52, 28, 152, 2.00, 160.00, 1, NULL, NULL),
(53, 28, 172, 1.00, 15.00, 1, NULL, NULL),
(54, 28, 171, 2.00, 20.00, 1, NULL, NULL),
(55, 28, 17, 1.00, 90.00, 1, NULL, NULL),
(56, 29, 29, 1.00, 60.00, 1, NULL, NULL),
(59, 30, 29, 2.00, 60.00, 1, NULL, NULL),
(60, 30, 172, 10.00, 15.00, 1, NULL, NULL),
(61, 32, 29, 2.00, 60.00, 1, NULL, NULL),
(62, 31, 154, 1.00, 199.00, 1, NULL, NULL),
(63, 31, 172, 2.00, 15.00, 1, NULL, NULL),
(64, 33, 14, 1.00, 220.00, 1, NULL, NULL),
(69, 34, 9, 1.00, 79.00, 1, NULL, NULL),
(70, 34, 31, 1.00, 100.00, 1, NULL, NULL),
(71, 35, 27, 1.00, 299.00, 1, NULL, NULL),
(72, 35, 25, 1.00, 199.00, 1, NULL, NULL),
(73, 36, 8, 1.00, 70.00, 1, NULL, NULL),
(74, 36, 143, 1.00, 180.00, 1, NULL, NULL),
(75, 36, 52, 1.00, 230.00, 1, NULL, NULL),
(76, 37, 19, 1.00, 150.00, 1, NULL, NULL),
(77, 37, 20, 1.00, 220.00, 1, NULL, NULL),
(78, 38, 17, 1.00, 90.00, 1, NULL, NULL);

-- --------------------------------------------------------

--
-- Table structure for table `settings`
--

CREATE TABLE `settings` (
  `id` int(10) UNSIGNED NOT NULL,
  `logo` varchar(191) COLLATE utf8mb4_unicode_ci NOT NULL,
  `favicon` varchar(255) COLLATE utf8mb4_unicode_ci DEFAULT NULL,
  `title` varchar(191) COLLATE utf8mb4_unicode_ci NOT NULL,
  `email` varchar(191) COLLATE utf8mb4_unicode_ci NOT NULL,
  `mobile` varchar(191) COLLATE utf8mb4_unicode_ci NOT NULL,
  `facebook` varchar(191) COLLATE utf8mb4_unicode_ci NOT NULL,
  `twitter` varchar(191) COLLATE utf8mb4_unicode_ci NOT NULL,
  `youtube` varchar(191) COLLATE utf8mb4_unicode_ci NOT NULL,
  `linkedin` varchar(191) COLLATE utf8mb4_unicode_ci NOT NULL,
  `address` varchar(191) COLLATE utf8mb4_unicode_ci NOT NULL,
  `status` varchar(191) COLLATE utf8mb4_unicode_ci NOT NULL DEFAULT '1',
  `created_at` timestamp NULL DEFAULT NULL,
  `updated_at` timestamp NULL DEFAULT NULL
) ENGINE=InnoDB DEFAULT CHARSET=utf8mb4 COLLATE=utf8mb4_unicode_ci ROW_FORMAT=COMPACT;

--
-- Dumping data for table `settings`
--

INSERT INTO `settings` (`id`, `logo`, `favicon`, `title`, `email`, `mobile`, `facebook`, `twitter`, `youtube`, `linkedin`, `address`, `status`, `created_at`, `updated_at`) VALUES
(1, 'logo-1555583380.jpg', 'favicon-1555584605.jpg', 'Food Park', 'foodpark404@gmail.com', '01976999404', 'facebook', 'twitter', 'youtube', 'linkedin', 'Trishal, Mymensingh', '1', '2019-04-10 12:00:00', '2020-01-28 00:57:35');

-- --------------------------------------------------------

--
-- Table structure for table `sms_records`
--

CREATE TABLE `sms_records` (
  `id` int(11) UNSIGNED NOT NULL,
  `mobile` varchar(15) COLLATE utf8mb4_unicode_ci NOT NULL,
  `sms` longtext COLLATE utf8mb4_unicode_ci DEFAULT NULL,
  `sending_date` date DEFAULT NULL,
  `sms_count` tinyint(3) DEFAULT 1,
  `send_by` int(11) DEFAULT NULL,
  `is_send` tinyint(1) DEFAULT 1,
  `created_at` timestamp NULL DEFAULT NULL,
  `updated_at` timestamp NULL DEFAULT NULL
) ENGINE=InnoDB DEFAULT CHARSET=utf8mb4 COLLATE=utf8mb4_unicode_ci ROW_FORMAT=COMPACT;

-- --------------------------------------------------------

--
-- Table structure for table `sub_categories`
--

CREATE TABLE `sub_categories` (
  `id` int(10) UNSIGNED NOT NULL,
  `title` varchar(191) COLLATE utf8mb4_unicode_ci NOT NULL,
  `slug` varchar(191) COLLATE utf8mb4_unicode_ci NOT NULL,
  `category_id` int(10) UNSIGNED DEFAULT NULL,
  `status` tinyint(3) UNSIGNED NOT NULL DEFAULT 1,
  `created_at` timestamp NULL DEFAULT NULL,
  `updated_at` timestamp NULL DEFAULT NULL
) ENGINE=InnoDB DEFAULT CHARSET=utf8mb4 COLLATE=utf8mb4_unicode_ci ROW_FORMAT=COMPACT;

-- --------------------------------------------------------

--
-- Table structure for table `units`
--

CREATE TABLE `units` (
  `id` int(10) UNSIGNED NOT NULL,
  `title` varchar(191) COLLATE utf8mb4_unicode_ci NOT NULL,
  `status` tinyint(3) UNSIGNED NOT NULL DEFAULT 1,
  `created_at` timestamp NULL DEFAULT NULL,
  `updated_at` timestamp NULL DEFAULT NULL
) ENGINE=InnoDB DEFAULT CHARSET=utf8mb4 COLLATE=utf8mb4_unicode_ci ROW_FORMAT=COMPACT;

-- --------------------------------------------------------

--
-- Table structure for table `users`
--

CREATE TABLE `users` (
  `id` int(10) UNSIGNED NOT NULL,
  `name` varchar(191) COLLATE utf8mb4_unicode_ci NOT NULL,
  `email` varchar(191) COLLATE utf8mb4_unicode_ci NOT NULL,
  `mobile` varchar(191) COLLATE utf8mb4_unicode_ci NOT NULL,
  `username` varchar(191) COLLATE utf8mb4_unicode_ci NOT NULL,
  `image` varchar(191) COLLATE utf8mb4_unicode_ci DEFAULT NULL,
  `user_role` tinyint(4) DEFAULT NULL,
  `password` varchar(191) COLLATE utf8mb4_unicode_ci NOT NULL,
  `country` varchar(191) COLLATE utf8mb4_unicode_ci DEFAULT NULL,
  `district_id` int(10) UNSIGNED DEFAULT NULL,
  `upazilla_id` int(10) UNSIGNED DEFAULT NULL,
  `address` text COLLATE utf8mb4_unicode_ci NOT NULL,
  `status` varchar(191) COLLATE utf8mb4_unicode_ci NOT NULL DEFAULT '1',
  `remember_token` varchar(100) COLLATE utf8mb4_unicode_ci DEFAULT NULL,
  `created_at` timestamp NULL DEFAULT NULL,
  `updated_at` timestamp NULL DEFAULT NULL
) ENGINE=InnoDB DEFAULT CHARSET=utf8mb4 COLLATE=utf8mb4_unicode_ci ROW_FORMAT=COMPACT;

--
-- Indexes for dumped tables
--

--
-- Indexes for table `admins`
--
ALTER TABLE `admins`
  ADD PRIMARY KEY (`id`) USING BTREE,
  ADD UNIQUE KEY `admins_email_unique` (`email`) USING BTREE,
  ADD UNIQUE KEY `admins_username_unique` (`username`) USING BTREE;

--
-- Indexes for table `admin_access_infos`
--
ALTER TABLE `admin_access_infos`
  ADD PRIMARY KEY (`id`) USING BTREE;

--
-- Indexes for table `brands`
--
ALTER TABLE `brands`
  ADD PRIMARY KEY (`id`) USING BTREE,
  ADD UNIQUE KEY `brands_slug_unique` (`slug`) USING BTREE;

--
-- Indexes for table `categories`
--
ALTER TABLE `categories`
  ADD PRIMARY KEY (`id`) USING BTREE,
  ADD UNIQUE KEY `categories_slug_unique` (`slug`) USING BTREE;

--
-- Indexes for table `closing_balances`
--
ALTER TABLE `closing_balances`
  ADD PRIMARY KEY (`id`);

--
-- Indexes for table `costs`
--
ALTER TABLE `costs`
  ADD PRIMARY KEY (`id`) USING BTREE;

--
-- Indexes for table `cost_fields`
--
ALTER TABLE `cost_fields`
  ADD PRIMARY KEY (`id`),
  ADD UNIQUE KEY `cost_fields_title_unique` (`title`);

--
-- Indexes for table `due_collections`
--
ALTER TABLE `due_collections`
  ADD PRIMARY KEY (`id`);

--
-- Indexes for table `employees`
--
ALTER TABLE `employees`
  ADD PRIMARY KEY (`id`);

--
-- Indexes for table `menus`
--
ALTER TABLE `menus`
  ADD PRIMARY KEY (`id`) USING BTREE;

--
-- Indexes for table `migrations`
--
ALTER TABLE `migrations`
  ADD PRIMARY KEY (`id`) USING BTREE;

--
-- Indexes for table `password_resets`
--
ALTER TABLE `password_resets`
  ADD PRIMARY KEY (`id`),
  ADD KEY `password_resets_email_index` (`email`) USING BTREE;

--
-- Indexes for table `products`
--
ALTER TABLE `products`
  ADD PRIMARY KEY (`id`) USING BTREE,
  ADD UNIQUE KEY `products_slug_unique` (`slug`) USING BTREE;

--
-- Indexes for table `purchase_histories`
--
ALTER TABLE `purchase_histories`
  ADD PRIMARY KEY (`id`);

--
-- Indexes for table `purchase_items`
--
ALTER TABLE `purchase_items`
  ADD PRIMARY KEY (`id`);

--
-- Indexes for table `raw_material_categories`
--
ALTER TABLE `raw_material_categories`
  ADD PRIMARY KEY (`id`);

--
-- Indexes for table `restaurant_tables`
--
ALTER TABLE `restaurant_tables`
  ADD PRIMARY KEY (`id`);

--
-- Indexes for table `roles`
--
ALTER TABLE `roles`
  ADD PRIMARY KEY (`id`) USING BTREE;

--
-- Indexes for table `sales`
--
ALTER TABLE `sales`
  ADD PRIMARY KEY (`id`) USING BTREE;

--
-- Indexes for table `sale_products`
--
ALTER TABLE `sale_products`
  ADD PRIMARY KEY (`id`) USING BTREE;

--
-- Indexes for table `settings`
--
ALTER TABLE `settings`
  ADD PRIMARY KEY (`id`) USING BTREE;

--
-- Indexes for table `sms_records`
--
ALTER TABLE `sms_records`
  ADD PRIMARY KEY (`id`);

--
-- Indexes for table `sub_categories`
--
ALTER TABLE `sub_categories`
  ADD PRIMARY KEY (`id`) USING BTREE,
  ADD UNIQUE KEY `sub_categories_slug_unique` (`slug`) USING BTREE;

--
-- Indexes for table `units`
--
ALTER TABLE `units`
  ADD PRIMARY KEY (`id`) USING BTREE;

--
-- Indexes for table `users`
--
ALTER TABLE `users`
  ADD PRIMARY KEY (`id`) USING BTREE,
  ADD UNIQUE KEY `users_email_unique` (`email`) USING BTREE,
  ADD UNIQUE KEY `users_mobile_unique` (`mobile`) USING BTREE,
  ADD UNIQUE KEY `users_username_unique` (`username`) USING BTREE;

--
-- AUTO_INCREMENT for dumped tables
--

--
-- AUTO_INCREMENT for table `admins`
--
ALTER TABLE `admins`
  MODIFY `id` int(10) UNSIGNED NOT NULL AUTO_INCREMENT, AUTO_INCREMENT=5;

--
-- AUTO_INCREMENT for table `admin_access_infos`
--
ALTER TABLE `admin_access_infos`
  MODIFY `id` int(10) UNSIGNED NOT NULL AUTO_INCREMENT, AUTO_INCREMENT=606;

--
-- AUTO_INCREMENT for table `brands`
--
ALTER TABLE `brands`
  MODIFY `id` int(10) UNSIGNED NOT NULL AUTO_INCREMENT;

--
-- AUTO_INCREMENT for table `categories`
--
ALTER TABLE `categories`
  MODIFY `id` int(10) UNSIGNED NOT NULL AUTO_INCREMENT, AUTO_INCREMENT=52;

--
-- AUTO_INCREMENT for table `closing_balances`
--
ALTER TABLE `closing_balances`
  MODIFY `id` int(11) NOT NULL AUTO_INCREMENT, AUTO_INCREMENT=5;

--
-- AUTO_INCREMENT for table `costs`
--
ALTER TABLE `costs`
  MODIFY `id` bigint(20) UNSIGNED NOT NULL AUTO_INCREMENT, AUTO_INCREMENT=9;

--
-- AUTO_INCREMENT for table `cost_fields`
--
ALTER TABLE `cost_fields`
  MODIFY `id` bigint(20) UNSIGNED NOT NULL AUTO_INCREMENT, AUTO_INCREMENT=7;

--
-- AUTO_INCREMENT for table `due_collections`
--
ALTER TABLE `due_collections`
  MODIFY `id` tinyint(4) NOT NULL AUTO_INCREMENT, AUTO_INCREMENT=14;

--
-- AUTO_INCREMENT for table `employees`
--
ALTER TABLE `employees`
  MODIFY `id` bigint(20) UNSIGNED NOT NULL AUTO_INCREMENT, AUTO_INCREMENT=2;

--
-- AUTO_INCREMENT for table `menus`
--
ALTER TABLE `menus`
  MODIFY `id` int(10) UNSIGNED NOT NULL AUTO_INCREMENT, AUTO_INCREMENT=151;

--
-- AUTO_INCREMENT for table `migrations`
--
ALTER TABLE `migrations`
  MODIFY `id` int(10) UNSIGNED NOT NULL AUTO_INCREMENT, AUTO_INCREMENT=19;

--
-- AUTO_INCREMENT for table `password_resets`
--
ALTER TABLE `password_resets`
  MODIFY `id` int(11) NOT NULL AUTO_INCREMENT;

--
-- AUTO_INCREMENT for table `products`
--
ALTER TABLE `products`
  MODIFY `id` bigint(20) UNSIGNED NOT NULL AUTO_INCREMENT, AUTO_INCREMENT=189;

--
-- AUTO_INCREMENT for table `purchase_histories`
--
ALTER TABLE `purchase_histories`
  MODIFY `id` bigint(20) UNSIGNED NOT NULL AUTO_INCREMENT;

--
-- AUTO_INCREMENT for table `purchase_items`
--
ALTER TABLE `purchase_items`
  MODIFY `id` bigint(20) UNSIGNED NOT NULL AUTO_INCREMENT;

--
-- AUTO_INCREMENT for table `raw_material_categories`
--
ALTER TABLE `raw_material_categories`
  MODIFY `id` tinyint(4) NOT NULL AUTO_INCREMENT, AUTO_INCREMENT=8;

--
-- AUTO_INCREMENT for table `restaurant_tables`
--
ALTER TABLE `restaurant_tables`
  MODIFY `id` tinyint(4) NOT NULL AUTO_INCREMENT, AUTO_INCREMENT=13;

--
-- AUTO_INCREMENT for table `roles`
--
ALTER TABLE `roles`
  MODIFY `id` int(10) UNSIGNED NOT NULL AUTO_INCREMENT, AUTO_INCREMENT=3;

--
-- AUTO_INCREMENT for table `sales`
--
ALTER TABLE `sales`
  MODIFY `id` bigint(20) UNSIGNED NOT NULL AUTO_INCREMENT, AUTO_INCREMENT=39;

--
-- AUTO_INCREMENT for table `sale_products`
--
ALTER TABLE `sale_products`
  MODIFY `id` bigint(20) UNSIGNED NOT NULL AUTO_INCREMENT, AUTO_INCREMENT=79;

--
-- AUTO_INCREMENT for table `settings`
--
ALTER TABLE `settings`
  MODIFY `id` int(10) UNSIGNED NOT NULL AUTO_INCREMENT, AUTO_INCREMENT=2;

--
-- AUTO_INCREMENT for table `sms_records`
--
ALTER TABLE `sms_records`
  MODIFY `id` int(11) UNSIGNED NOT NULL AUTO_INCREMENT;

--
-- AUTO_INCREMENT for table `sub_categories`
--
ALTER TABLE `sub_categories`
  MODIFY `id` int(10) UNSIGNED NOT NULL AUTO_INCREMENT;

--
-- AUTO_INCREMENT for table `units`
--
ALTER TABLE `units`
  MODIFY `id` int(10) UNSIGNED NOT NULL AUTO_INCREMENT;

--
-- AUTO_INCREMENT for table `users`
--
ALTER TABLE `users`
  MODIFY `id` int(10) UNSIGNED NOT NULL AUTO_INCREMENT;
COMMIT;

/*!40101 SET CHARACTER_SET_CLIENT=@OLD_CHARACTER_SET_CLIENT */;
/*!40101 SET CHARACTER_SET_RESULTS=@OLD_CHARACTER_SET_RESULTS */;
/*!40101 SET COLLATION_CONNECTION=@OLD_COLLATION_CONNECTION */;
